,Object,Sequence,flvl_prob_0,flvl_prob_1,flvl_prob_2
0,1,s0_fi0_fu0_b0_l0,0.9992330074310304,0.00040385578176938,0.000363240105798468
1,1,s0_fi0_fu0_b0_l1,0.9993572831153871,0.0003519606252666563,0.0002907556190621108
2,1,s0_fi0_fu0_b1_l0,0.9993419051170348,0.0003572178829926997,0.00030074737151153386
3,1,s0_fi0_fu0_b1_l1,0.999373733997345,0.0003571256820578128,0.0002690789697226137
4,1,s0_fi1_fu1_b0_l0,0.0004868341493420303,0.5583010911941528,0.4412120580673218
5,1,s0_fi1_fu1_b0_l1,0.000383045815397054,0.3737706542015076,0.6258463263511658
6,1,s0_fi1_fu1_b1_l0,0.0003328960156068206,0.26479518413543696,0.7348718643188477
7,1,s0_fi1_fu1_b1_l1,0.0005340927164070308,0.7309807538986206,0.2684851586818695
8,1,s0_fi1_fu2_b0_l0,0.00030537426937371487,0.23601900041103366,0.7636756896972656
9,1,s0_fi1_fu2_b0_l1,0.0003066501230932772,0.23682455718517306,0.7628687620162964
10,1,s0_fi1_fu2_b1_l0,0.0003673296596389264,0.24968603253364566,0.7499465942382812
11,1,s0_fi1_fu2_b1_l1,0.00028651641332544386,0.22044239938259125,0.779271125793457
12,1,s0_fi2_fu1_b0_l0,0.00047647982137277717,0.5225380063056946,0.4769855439662933
13,1,s0_fi2_fu1_b0_l1,0.0005738545442000031,0.802388608455658,0.19703754782676694
14,1,s0_fi2_fu1_b1_l0,0.0003405833267606795,0.27803391218185425,0.7216255068778992
15,1,s0_fi2_fu1_b1_l1,0.0005443592672236264,0.7415546774864197,0.2579009830951691
16,1,s0_fi2_fu2_b0_l0,0.0003532851987984032,0.294198602437973,0.7054481506347656
17,1,s0_fi2_fu2_b0_l1,0.00032329079112969333,0.25426292419433594,0.7454137802124023
18,1,s0_fi2_fu2_b1_l0,0.0003801654966082424,0.2622573971748352,0.7373624444007874
19,1,s0_fi2_fu2_b1_l1,0.0002828767756000161,0.214758962392807,0.7849581837654114
20,1,s0_fi3_fu1_b0_l0,0.0004996664938516915,0.5637956261634827,0.4357046782970429
21,1,s0_fi3_fu1_b0_l1,0.0005982161383144557,0.8230860233306885,0.17631572484970093
22,1,s0_fi3_fu1_b1_l0,0.00032944008125923574,0.25904324650764465,0.7406273484230042
23,1,s0_fi3_fu1_b1_l1,0.00046311333426274365,0.5258844494819641,0.4736524522304535
24,1,s0_fi3_fu2_b0_l0,0.000337125122314319,0.2683494985103607,0.7313133478164673
25,1,s0_fi3_fu2_b0_l1,0.0003718601656146348,0.3487354516983032,0.6508927345275879
26,1,s0_fi3_fu2_b1_l0,0.00029195277602411807,0.2334423363208771,0.7662656903266907
27,1,s0_fi3_fu2_b1_l1,0.0003734762431122362,0.3488315045833588,0.650795042514801
28,1,s1_fi0_fu0_b0_l0,0.9929053783416748,0.002863455796614289,0.00423118332400918
29,1,s1_fi0_fu0_b0_l1,0.999126136302948,0.0004510667058639228,0.0004227684112265706
30,1,s1_fi0_fu0_b1_l0,0.995936632156372,0.0017408877611160278,0.0023224432952702045
31,1,s1_fi0_fu0_b1_l1,0.9993686079978944,0.0003478012513369322,0.00028362314333207905
32,1,s1_fi1_fu1_b0_l0,0.0013405453646555545,0.7045806646347046,0.2940788269042969
33,1,s1_fi1_fu1_b0_l1,0.0006591291166841984,0.8272123336791992,0.17212849855422974
34,1,s1_fi1_fu1_b1_l0,0.0007108737481757997,0.8155405521392822,0.1837484985589981
35,1,s1_fi1_fu1_b1_l1,0.0005821465165354311,0.8079457283020021,0.1914721727371216
36,1,s1_fi1_fu2_b0_l0,0.000663741840980947,0.8172566294670105,0.1820795834064484
37,1,s1_fi1_fu2_b0_l1,0.00028750914498232305,0.218013808131218,0.7816987633705139
38,1,s1_fi1_fu2_b1_l0,0.0003108913660980761,0.24017617106437686,0.7595129609107971
39,1,s1_fi1_fu2_b1_l1,0.00028149402351118624,0.2200876474380493,0.7796308398246765
40,1,s1_fi2_fu1_b0_l0,0.0018627196550369265,0.6651306748390198,0.3330066204071045
41,1,s1_fi2_fu1_b0_l1,0.0004759659641422331,0.5383322238922119,0.4611917734146118
42,1,s1_fi2_fu1_b1_l0,0.0006231510196812451,0.8213784694671631,0.17799831926822662
43,1,s1_fi2_fu1_b1_l1,0.000545771443285048,0.7602853178977966,0.2391689121723175
44,1,s1_fi2_fu2_b0_l0,0.0005454955971799791,0.7599629759788513,0.2394915670156479
45,1,s1_fi2_fu2_b0_l1,0.00031932865385897463,0.2505528330802917,0.7491278648376465
46,1,s1_fi2_fu2_b1_l0,0.0002813155297189951,0.21999025344848636,0.7797285318374634
47,1,s1_fi2_fu2_b1_l1,0.000285751826595515,0.225851446390152,0.7738627791404724
48,1,s1_fi3_fu1_b0_l0,0.0012426533503457904,0.7342763543128967,0.2644810080528259
49,1,s1_fi3_fu1_b0_l1,0.0004536159976851195,0.4935612380504608,0.5059852004051208
50,1,s1_fi3_fu1_b1_l0,0.0006345551810227334,0.8253338932991028,0.17403151094913485
51,1,s1_fi3_fu1_b1_l1,0.0008186695631593466,0.8050351738929749,0.19414620101451874
52,1,s1_fi3_fu2_b0_l0,0.0005716893356293441,0.8012486696243286,0.19817960262298584
53,1,s1_fi3_fu2_b0_l1,0.0003077890141867101,0.24004095792770386,0.7596511840820312
54,1,s1_fi3_fu2_b1_l0,0.0003503207699395716,0.3011323809623718,0.6985172629356384
55,1,s1_fi3_fu2_b1_l1,0.0003135557344648987,0.24332153797149655,0.7563648223876953
56,1,s2_fi0_fu0_b0_l0,0.9992817044258118,0.00038349250098690385,0.00033482993603684014
57,1,s2_fi0_fu0_b0_l1,0.001852118643000722,0.683912992477417,0.3142349123954773
58,1,s2_fi0_fu0_b1_l0,0.9985730648040771,0.0006913110846653581,0.0007356308633461595
59,1,s2_fi0_fu0_b1_l1,0.002605755347758532,0.6359573602676392,0.3614369332790375
60,1,s2_fi1_fu1_b0_l0,0.0004708680789917707,0.5289759635925293,0.4705531299114227
61,1,s2_fi1_fu1_b0_l1,0.0005364884273149073,0.7398518919944763,0.2596116364002228
62,1,s2_fi1_fu1_b1_l0,0.0008933109347708523,0.7919336557388306,0.20717300474643707
63,1,s2_fi1_fu1_b1_l1,0.0005905648577027023,0.8123858571052551,0.18702353537082672
64,1,s2_fi1_fu2_b0_l0,0.0002936374803539365,0.3029448986053467,0.696761429309845
65,1,s2_fi1_fu2_b0_l1,0.00028587764245457947,0.2880251109600067,0.7116889357566833
66,1,s2_fi1_fu2_b1_l0,0.00026335599250160163,0.15235178172588348,0.8473848700523376
67,1,s2_fi1_fu2_b1_l1,0.0002881605178117752,0.2926754355430603,0.7070364356040955
68,1,s2_fi2_fu1_b0_l0,0.0003044744953513145,0.3237887024879456,0.6759068369865417
69,1,s2_fi2_fu1_b0_l1,0.0003226494882255793,0.3600485622882843,0.6396288275718689
70,1,s2_fi2_fu1_b1_l0,0.0006480501615442336,0.6772415637969971,0.3221104145050049
71,1,s2_fi2_fu1_b1_l1,0.00039450722397305066,0.5511078238487244,0.4484976530075073
72,1,s2_fi2_fu2_b0_l0,0.00028279313119128346,0.2818241417407989,0.7178930640220642
73,1,s2_fi2_fu2_b0_l1,0.00028578232740983367,0.287528395652771,0.7121858000755309
74,1,s2_fi2_fu2_b1_l0,0.00029511534376069903,0.3058042824268341,0.6939005851745605
75,1,s2_fi2_fu2_b1_l1,0.0003048460348509252,0.3250002562999725,0.6746948957443237
76,1,s2_fi3_fu1_b0_l0,0.00040582666406407947,0.5786232352256775,0.4209709167480469
77,1,s2_fi3_fu1_b0_l1,0.0003739575913641602,0.4862536787986755,0.5133723020553589
78,1,s2_fi3_fu1_b1_l0,0.0005171861848793924,0.6979984045028687,0.3014844655990601
79,1,s2_fi3_fu1_b1_l1,0.0003875622060149908,0.5315401554107666,0.4680723249912262
80,1,s2_fi3_fu2_b0_l0,0.00031609233701601624,0.3463750183582306,0.6533089280128479
81,1,s2_fi3_fu2_b0_l1,0.00032123745768330986,0.35632359981536865,0.6433550715446472
82,1,s2_fi3_fu2_b1_l0,0.00038805743679404264,0.5318190455436707,0.4677929282188416
83,1,s2_fi3_fu2_b1_l1,0.00035687227500602603,0.43922027945518494,0.5604228377342224
84,4,s0_fi0_fu0_b0_l0,0.9993020296096802,0.00038830001722089946,0.0003095670836046338
85,4,s0_fi0_fu0_b0_l1,0.9991846680641174,0.0004367618821561337,0.0003784858563449234
86,4,s0_fi0_fu0_b1_l0,0.9986169338226318,0.0006988300010561942,0.0006843219744041562
87,4,s0_fi0_fu0_b1_l1,0.99928218126297,0.0003954610438086093,0.0003222942177671939
88,4,s0_fi1_fu1_b0_l0,0.0004114850307814777,0.5925976037979126,0.4069909155368805
89,4,s0_fi1_fu1_b0_l1,0.000435049063526094,0.6400076150894165,0.3595573902130127
90,4,s0_fi1_fu1_b1_l0,0.000404831109335646,0.5752392411231995,0.4243558943271637
91,4,s0_fi1_fu1_b1_l1,0.0005528763285838069,0.6963893175125122,0.3030578196048737
92,4,s0_fi1_fu2_b0_l0,0.0003992574929725379,0.5633369088172913,0.4362638592720032
93,4,s0_fi1_fu2_b0_l1,0.0003760417166631669,0.4942213296890259,0.5054026842117311
94,4,s0_fi1_fu2_b1_l0,0.00033271315624006087,0.3815893232822418,0.6180779337882996
95,4,s0_fi1_fu2_b1_l1,0.00037393579259514814,0.4860822260379791,0.5135438442230225
96,4,s0_fi2_fu1_b0_l0,0.0003793200885411352,0.5041815638542175,0.4954391717910767
97,4,s0_fi2_fu1_b0_l1,0.0004501985968090594,0.6597400307655334,0.339809775352478
98,4,s0_fi2_fu1_b1_l0,0.00029573915526270866,0.30686846375465393,0.6928357481956482
99,4,s0_fi2_fu1_b1_l1,0.00043786206515505915,0.6432889103889465,0.35627323389053345
100,4,s0_fi2_fu2_b0_l0,0.0002971469075419009,0.3096300959587097,0.690072774887085
101,4,s0_fi2_fu2_b0_l1,0.0003058682777918875,0.3266548216342926,0.6730393171310425
102,4,s0_fi2_fu2_b1_l0,0.00028595380717888474,0.28780534863471985,0.711908757686615
103,4,s0_fi2_fu2_b1_l1,0.00030599706224165857,0.3264730274677277,0.6732209920883179
104,4,s0_fi3_fu1_b0_l0,0.0003898581198882312,0.538269579410553,0.4613405764102936
105,4,s0_fi3_fu1_b0_l1,0.00045047394814901054,0.6606168150901794,0.3389327228069305
106,4,s0_fi3_fu1_b1_l0,0.0003067838842980564,0.32801124453544617,0.6716820001602173
107,4,s0_fi3_fu1_b1_l1,0.0004488482372835279,0.6569326519966125,0.342618465423584
108,4,s0_fi3_fu2_b0_l0,0.0003211205184925348,0.35683274269104004,0.6428461670875549
109,4,s0_fi3_fu2_b0_l1,0.00035390828270465136,0.4318878948688507,0.5677582025527954
110,4,s0_fi3_fu2_b1_l0,0.00030186414369381964,0.31936535239219666,0.6803327798843384
111,4,s0_fi3_fu2_b1_l1,0.00033135790727101266,0.3780859708786011,0.6215826869010925
112,4,s1_fi0_fu0_b0_l0,0.9991994500160216,0.0004305643669795245,0.0003699931548908353
113,4,s1_fi0_fu0_b0_l1,0.9993152618408204,0.00038500566734001035,0.00029975525103509426
114,4,s1_fi0_fu0_b1_l0,0.9993216991424559,0.0003843789745587856,0.00029393608565442264
115,4,s1_fi0_fu0_b1_l1,0.9992744326591492,0.0003985897928941995,0.0003269742301199585
116,4,s1_fi1_fu1_b0_l0,0.000873996177688241,0.6136742234230042,0.3854517936706543
117,4,s1_fi1_fu1_b0_l1,0.00056637724628672,0.6948893070220947,0.3045443296432495
118,4,s1_fi1_fu1_b1_l0,0.0008687872905284166,0.6152346730232239,0.3838965594768524
119,4,s1_fi1_fu1_b1_l1,0.0005840655649080873,0.6890377998352051,0.3103781640529633
120,4,s1_fi1_fu2_b0_l0,0.0005828787689097227,0.6894542574882507,0.3099628984928131
121,4,s1_fi1_fu2_b0_l1,0.00035528888111002743,0.4362298846244812,0.5634148120880127
122,4,s1_fi1_fu2_b1_l0,0.00038134341593831783,0.5125049352645874,0.4871137440204621
123,4,s1_fi1_fu2_b1_l1,0.00045239285100251436,0.6614108681678772,0.3381367325782776
124,4,s1_fi2_fu1_b0_l0,0.013032713904976843,0.4369356334209442,0.5500316619873047
125,4,s1_fi2_fu1_b0_l1,0.0004592628392856568,0.6681394577026367,0.3314012289047241
126,4,s1_fi2_fu1_b1_l0,0.00044462076039053494,0.6512758731842041,0.3482794463634491
127,4,s1_fi2_fu1_b1_l1,0.0006842492730356753,0.6698136925697327,0.32950204610824585
128,4,s1_fi2_fu2_b0_l0,0.0005841164966113865,0.6547259092330933,0.3446899652481079
129,4,s1_fi2_fu2_b0_l1,0.0004936070763505995,0.43528082966804493,0.5642255544662476
130,4,s1_fi2_fu2_b1_l0,0.0006088956724852325,0.4816702902317047,0.5177208185195923
131,4,s1_fi2_fu2_b1_l1,0.0005076074739918113,0.4518758356571198,0.5476165413856506
132,4,s1_fi3_fu1_b0_l0,0.0023370122071355577,0.7588065862655641,0.2388564050197601
133,4,s1_fi3_fu1_b0_l1,0.0008585327304899693,0.8608567118644714,0.13828477263450625
134,4,s1_fi3_fu1_b1_l0,0.0028558936901390553,0.743493378162384,0.2536506950855255
135,4,s1_fi3_fu1_b1_l1,0.0009161357302218676,0.8550990223884583,0.1439848393201828
136,4,s1_fi3_fu2_b0_l0,0.001345158787444234,0.8376647233963013,0.16099010407924652
137,4,s1_fi3_fu2_b0_l1,0.0004975323099642992,0.4418655335903168,0.5576369762420654
138,4,s1_fi3_fu2_b1_l0,0.0005891392356716096,0.6521118879318237,0.3472990393638611
139,4,s1_fi3_fu2_b1_l1,0.0004907361580990255,0.43217307329177856,0.5673362016677856
140,4,s2_fi0_fu0_b0_l0,0.99934059381485,0.00036064870073460037,0.000298780738376081
141,4,s2_fi0_fu0_b0_l1,0.9988127946853638,0.000586613139603287,0.0006006367621012032
142,4,s2_fi0_fu0_b1_l0,0.9987826943397522,0.0006015627877786756,0.0006158351898193358
143,4,s2_fi0_fu0_b1_l1,0.9992985725402832,0.0003727126750163734,0.00032865160028450186
144,4,s2_fi1_fu1_b0_l0,0.0005347326514311135,0.5454884171485901,0.4539768695831299
145,4,s2_fi1_fu1_b0_l1,0.0006159675540402533,0.7541424036026001,0.24524156749248505
146,4,s2_fi1_fu1_b1_l0,0.0007717208936810492,0.8430447578430176,0.15618357062339785
147,4,s2_fi1_fu1_b1_l1,0.0006379874539561571,0.7786731123924255,0.22068895399570465
148,4,s2_fi1_fu2_b0_l0,0.0004513520398177207,0.366919070482254,0.6326296329498291
149,4,s2_fi1_fu2_b0_l1,0.00048114696983247995,0.4686505794525146,0.5308682918548584
150,4,s2_fi1_fu2_b1_l0,0.00063478690572083,0.7790723443031311,0.2202928513288498
151,4,s2_fi1_fu2_b1_l1,0.0005051738116890191,0.4726954102516174,0.5267994403839111
152,4,s2_fi2_fu1_b0_l0,0.0006387458415701985,0.6430938839912415,0.3562673330307007
153,4,s2_fi2_fu1_b0_l1,0.00047745608026161784,0.4249514639377594,0.5745710730552673
154,4,s2_fi2_fu1_b1_l0,0.0012320331297814846,0.8358680605888367,0.16289985179901126
155,4,s2_fi2_fu1_b1_l1,0.000645748688839376,0.7175417542457581,0.28181245923042303
156,4,s2_fi2_fu2_b0_l0,0.00052548322128132,0.4644466638565064,0.5350278615951538
157,4,s2_fi2_fu2_b0_l1,0.0005585332401096821,0.5024494528770447,0.4969920217990875
158,4,s2_fi2_fu2_b1_l0,0.0005093995132483542,0.4250892698764801,0.5744013786315918
159,4,s2_fi2_fu2_b1_l1,0.0005211409879848361,0.4043148458003998,0.5951640605926514
160,4,s2_fi3_fu1_b0_l0,0.0008371907752007246,0.8632568717002869,0.1359059065580368
161,4,s2_fi3_fu1_b0_l1,0.0006809633341617883,0.8032403588294983,0.19607862830162048
162,4,s2_fi3_fu1_b1_l0,0.0021424549631774426,0.8294748067855835,0.16838276386260986
163,4,s2_fi3_fu1_b1_l1,0.0006225183606147766,0.7145657539367676,0.28481173515319824
164,4,s2_fi3_fu2_b0_l0,0.0005362580996006726,0.483447939157486,0.5160157680511475
165,4,s2_fi3_fu2_b0_l1,0.0004983392427675426,0.4406877458095551,0.5588138699531555
166,4,s2_fi3_fu2_b1_l0,0.0005746887763962151,0.5533244013786316,0.4461008906364441
167,4,s2_fi3_fu2_b1_l1,0.0004674818774219602,0.4165519177913666,0.5829805731773376
168,7,s0_fi0_fu0_b0_l0,0.9993045330047609,0.0003685167466755957,0.000326959794620052
169,7,s0_fi0_fu0_b0_l1,0.9993451237678528,0.00035922476672567427,0.00029565286240540445
170,7,s0_fi0_fu0_b1_l0,0.9983528852462769,0.0007970496080815793,0.0008500541443936528
171,7,s0_fi0_fu0_b1_l1,0.9859150648117064,0.005583423655480146,0.00850155856460333
172,7,s0_fi1_fu1_b0_l0,0.0014491579495370386,0.7925948500633241,0.2059559673070908
173,7,s0_fi1_fu1_b0_l1,0.0029310064855962987,0.7143729925155641,0.2826959490776062
174,7,s0_fi1_fu1_b1_l0,0.0016306054312735796,0.7973023653030396,0.20106704533100128
175,7,s0_fi1_fu1_b1_l1,0.0018297653878107667,0.7661173343658447,0.23205293715000155
176,7,s0_fi1_fu2_b0_l0,0.012247394770383837,0.5799907445907593,0.40776181221008295
177,7,s0_fi1_fu2_b0_l1,0.0019328040070831773,0.7563813924789429,0.24168579280376434
178,7,s0_fi1_fu2_b1_l0,0.0034847103524953127,0.7228636145591736,0.2736516892910004
179,7,s0_fi1_fu2_b1_l1,0.0011064957361668348,0.8199909329414368,0.1789025515317917
180,7,s0_fi2_fu1_b0_l0,0.0026355704758316283,0.7210316061973572,0.2763327956199646
181,7,s0_fi2_fu1_b0_l1,0.005442322697490454,0.6590913534164429,0.3354663252830505
182,7,s0_fi2_fu1_b1_l0,0.7003397345542908,0.1279451996088028,0.17171502113342285
183,7,s0_fi2_fu1_b1_l1,0.0011427038116380572,0.8176819086074829,0.1811753660440445
184,7,s0_fi2_fu2_b0_l0,0.002743095625191927,0.7188285589218141,0.2784283459186554
185,7,s0_fi2_fu2_b0_l1,0.0039482335560023785,0.6840203404426575,0.3120314180850983
186,7,s0_fi2_fu2_b1_l0,0.003078954992815852,0.7357553839683533,0.26116567850112915
187,7,s0_fi2_fu2_b1_l1,0.0009520929306745527,0.8414375185966492,0.15761034190654755
188,7,s1_fi0_fu0_b0_l0,0.999140739440918,0.0004403385682962835,0.00041884634993039066
189,7,s1_fi0_fu0_b0_l1,0.999327540397644,0.0003654909960459918,0.0003070396196562797
190,7,s1_fi0_fu0_b1_l0,0.9986658096313475,0.0006542552146129309,0.0006799473776482046
191,7,s1_fi0_fu0_b1_l1,0.9992135763168336,0.0004070262075401842,0.00037932791747152805
192,7,s1_fi1_fu1_b0_l0,0.01938994601368904,0.7673537135124207,0.21325629949569705
193,7,s1_fi1_fu1_b0_l1,0.0077239335514605045,0.7579865455627441,0.2342894971370697
194,7,s1_fi1_fu1_b1_l0,0.02003181166946888,0.7253435254096985,0.25462469458580017
195,7,s1_fi1_fu1_b1_l1,0.02954846061766148,0.7391799092292786,0.2312716096639633
196,7,s1_fi1_fu2_b0_l0,0.572731077671051,0.2410365045070648,0.18623237311840055
197,7,s1_fi1_fu2_b0_l1,0.012745524756610394,0.7944964170455933,0.1927580088376999
198,7,s1_fi1_fu2_b1_l0,0.009927375242114069,0.7534842491149902,0.2365884035825729
199,7,s1_fi1_fu2_b1_l1,0.41784918308258057,0.345638245344162,0.23651264607906344
200,7,s1_fi2_fu1_b0_l0,0.3623666763305664,0.38585516810417175,0.25177818536758423
201,7,s1_fi2_fu1_b0_l1,0.019366117194294933,0.769341766834259,0.2112921327352524
202,7,s1_fi2_fu1_b1_l0,0.023742862045764927,0.7538223266601562,0.22243480384349826
203,7,s1_fi2_fu1_b1_l1,0.02428669854998589,0.7520332932472229,0.22367997467517853
204,7,s1_fi2_fu2_b0_l0,0.11476203054189682,0.6086040735244751,0.2766338884830475
205,7,s1_fi2_fu2_b0_l1,0.014997144229710104,0.7849268317222595,0.20007605850696564
206,7,s1_fi2_fu2_b1_l0,0.0247185155749321,0.7103545069694519,0.2649270296096802
207,7,s1_fi2_fu2_b1_l1,0.030687088146805763,0.7360656857490541,0.2332471609115601
208,7,s2_fi0_fu0_b0_l0,0.6916707158088684,0.14846810698509216,0.15986119210720062
209,7,s2_fi0_fu0_b0_l1,0.9285183548927308,0.03708533942699432,0.03439625725150108
210,7,s2_fi0_fu0_b1_l0,0.71199631690979,0.14810268580913544,0.1399010419845581
211,7,s2_fi0_fu0_b1_l1,0.3255379199981689,0.3164891004562378,0.35797300934791565
212,7,s2_fi1_fu1_b0_l0,0.011338423937559128,0.6762607097625732,0.3124009370803833
213,7,s2_fi1_fu1_b0_l1,0.01246547419577837,0.667948842048645,0.3195857107639313
214,7,s2_fi1_fu1_b1_l0,0.008792666718363762,0.7559515237808228,0.23525580763816836
215,7,s2_fi1_fu1_b1_l1,0.008115954697132109,0.6914784908294678,0.3004055321216583
216,7,s2_fi1_fu2_b0_l0,0.01159701868891716,0.6784060001373291,0.30999699234962463
217,7,s2_fi1_fu2_b0_l1,0.006352221127599478,0.6926418542861938,0.3010058403015137
218,7,s2_fi1_fu2_b1_l0,0.008907129056751728,0.7464906573295593,0.24460217356681824
219,7,s2_fi1_fu2_b1_l1,0.008759069256484509,0.6764612793922424,0.3147796988487244
220,7,s2_fi2_fu1_b0_l0,0.0066602216102182865,0.7094852924346924,0.2838544547557831
221,7,s2_fi2_fu1_b0_l1,0.02388850226998329,0.6483548283576965,0.3277566432952881
222,7,s2_fi2_fu1_b1_l0,0.01526879798620939,0.6788339614868164,0.3058972656726837
223,7,s2_fi2_fu1_b1_l1,0.010667018592357635,0.6769067049026489,0.31242629885673523
224,7,s2_fi2_fu2_b0_l0,0.007937036454677582,0.663830578327179,0.3282323479652405
225,7,s2_fi2_fu2_b0_l1,0.02526204474270344,0.5954751372337341,0.3792628049850464
226,7,s2_fi2_fu2_b1_l0,0.00946574006229639,0.654504120349884,0.3360300660133362
227,7,s2_fi2_fu2_b1_l1,0.010697306133806705,0.6761418581008911,0.31316086649894714
0,2,s0_fi0_fu0_b0_l0,0.9660412073135376,0.017263418063521385,0.016695378348231316
1,2,s0_fi0_fu0_b0_l1,0.946202039718628,0.02728630043566227,0.026511652395129204
2,2,s0_fi0_fu0_b1_l0,0.9628572463989258,0.01894112303853035,0.018201546743512157
3,2,s0_fi0_fu0_b1_l1,0.9835033416748048,0.009496237151324749,0.007000437006354332
4,2,s0_fi1_fu1_b0_l0,0.0005191572126932441,0.25903904438018804,0.7404417395591736
5,2,s0_fi1_fu1_b0_l1,0.0010421443730592725,0.5774857997894287,0.4214721024036408
6,2,s0_fi1_fu1_b1_l0,0.00043336974340491,0.17851023375988007,0.8210563659667969
7,2,s0_fi1_fu1_b1_l1,0.0008509153267368674,0.5115693807601929,0.4875797033309937
8,2,s0_fi1_fu2_b0_l0,0.00041227109613828366,0.15257157385349274,0.8470160961151123
9,2,s0_fi1_fu2_b0_l1,0.0005075939698144794,0.2612998783588409,0.7381924986839294
10,2,s0_fi1_fu2_b1_l0,0.0004039033956360072,0.09717873483896257,0.9024173021316528
11,2,s0_fi1_fu2_b1_l1,0.0004342920437920839,0.1918037086725235,0.8077620267868042
12,2,s0_fi2_fu1_b0_l0,0.000512892904225737,0.25914704799652105,0.7403401136398315
13,2,s0_fi2_fu1_b0_l1,0.0007631651824340223,0.440946102142334,0.5582907199859619
14,2,s0_fi2_fu1_b1_l0,0.0004935294855386019,0.2221493124961853,0.7773571610450745
15,2,s0_fi2_fu1_b1_l1,0.0008272159611806272,0.4859867095947266,0.5131860375404358
16,2,s0_fi2_fu2_b0_l0,0.0004453534202184528,0.13577666878700256,0.8637779355049133
17,2,s0_fi2_fu2_b0_l1,0.000447672326117754,0.19152146577835086,0.8080307841300964
18,2,s0_fi2_fu2_b1_l0,0.0004572438192553818,0.07319102436304092,0.9263516664505004
19,2,s0_fi2_fu2_b1_l1,0.0004797844740096481,0.2294236421585083,0.7700965404510498
20,2,s0_fi3_fu1_b0_l0,0.0009829509072005749,0.5443835854530334,0.454633504152298
21,2,s0_fi3_fu1_b0_l1,0.0016956967301666734,0.6875213980674744,0.3107829093933105
22,2,s0_fi3_fu1_b1_l0,0.0005070767947472632,0.2351549565792084,0.7643380165100098
23,2,s0_fi3_fu1_b1_l1,0.001012159395031631,0.5670051574707031,0.431982696056366
24,2,s0_fi3_fu2_b0_l0,0.0004540667578112334,0.1822354346513748,0.8173105120658875
25,2,s0_fi3_fu2_b0_l1,0.0013717677211388946,0.6656338572502136,0.3329943418502808
26,2,s0_fi3_fu2_b1_l0,0.00045306296669878076,0.16746684908866882,0.8320800065994263
27,2,s0_fi3_fu2_b1_l1,0.0004470190324354917,0.1918106973171234,0.8077423572540283
28,2,s1_fi0_fu0_b0_l0,0.9582470655441284,0.021084656938910484,0.02066817320883274
29,2,s1_fi0_fu0_b0_l1,0.9689669013023376,0.01596331037580967,0.015069779939949512
30,2,s1_fi0_fu0_b1_l0,0.9347400069236756,0.032935671508312225,0.032324347645044334
31,2,s1_fi0_fu0_b1_l1,0.9357702136039734,0.032408300787210464,0.03182148560881615
32,2,s1_fi1_fu1_b0_l0,0.002267319010570645,0.6646649241447449,0.3330677151679993
33,2,s1_fi1_fu1_b0_l1,0.0010118406498804688,0.5787628293037415,0.4202253818511963
34,2,s1_fi1_fu1_b1_l0,0.0022714359220117326,0.6654388904571533,0.3322896957397461
35,2,s1_fi1_fu1_b1_l1,0.0014103443827480078,0.6648775339126587,0.3337121307849884
36,2,s1_fi1_fu2_b0_l0,0.0010471581481397152,0.59776371717453,0.4011891484260559
37,2,s1_fi1_fu2_b0_l1,0.0004180935502517968,0.17642603814601898,0.8231558203697205
38,2,s1_fi1_fu2_b1_l0,0.00046140610356815165,0.2276473194360733,0.7718912959098816
39,2,s1_fi1_fu2_b1_l1,0.0004883721703663467,0.2548070549964905,0.7447046041488647
40,2,s1_fi2_fu1_b0_l0,0.004422199446707964,0.6282534003257751,0.3673243522644043
41,2,s1_fi2_fu1_b0_l1,0.0005450878525152801,0.2954714000225067,0.7039835453033447
42,2,s1_fi2_fu1_b1_l0,0.0025162547826766968,0.6744850873947144,0.3229987025260925
43,2,s1_fi2_fu1_b1_l1,0.0015011876821517944,0.6745467185974121,0.3239521086215973
44,2,s1_fi2_fu2_b0_l0,0.0012525863712653518,0.6465480923652649,0.3521993160247803
45,2,s1_fi2_fu2_b0_l1,0.00040034606354311114,0.10635871440172197,0.8932409286499023
46,2,s1_fi2_fu2_b1_l0,0.00040916027501225466,0.07344593852758408,0.92614483833313
47,2,s1_fi2_fu2_b1_l1,0.0004273823578841984,0.18527238070964813,0.8143001794815063
48,2,s1_fi3_fu1_b0_l0,0.009151996113359928,0.5844987034797668,0.4063493013381958
49,2,s1_fi3_fu1_b0_l1,0.0011944399448111653,0.6291382312774658,0.3696673512458801
50,2,s1_fi3_fu1_b1_l0,0.0041476888582110405,0.6444355845451355,0.3514167368412018
51,2,s1_fi3_fu1_b1_l1,0.004208208527415991,0.6524872779846191,0.3433045446872711
52,2,s1_fi3_fu2_b0_l0,0.00775689398869872,0.5973454117774963,0.3948977291584015
53,2,s1_fi3_fu2_b0_l1,0.0005439061787910758,0.28323888778686523,0.7162172198295593
54,2,s1_fi3_fu2_b1_l0,0.0007035359740257263,0.4172331392765045,0.5820633172988892
55,2,s1_fi3_fu2_b1_l1,0.0014225202612578867,0.6730711460113525,0.3255063891410828
56,2,s2_fi0_fu0_b0_l0,0.9715015888214112,0.015268879942595959,0.013229554519057274
57,2,s2_fi0_fu0_b0_l1,0.9676582217216492,0.01688050851225853,0.015461275354027746
58,2,s2_fi0_fu0_b1_l0,0.9738630652427672,0.013973644003272057,0.01216334756463766
59,2,s2_fi0_fu0_b1_l1,0.9674286842346193,0.016946570947766304,0.0156248202547431
60,2,s2_fi1_fu1_b0_l0,0.0005921139381825924,0.3504338264465332,0.6489740014076233
61,2,s2_fi1_fu1_b0_l1,0.0011819021310657265,0.6372522711753845,0.361565887928009
62,2,s2_fi1_fu1_b1_l0,0.0013598081422969699,0.6635938286781311,0.33504635095596313
63,2,s2_fi1_fu1_b1_l1,0.0011448280420154333,0.6290061473846436,0.3698489964008331
64,2,s2_fi1_fu2_b0_l0,0.0004438888281583786,0.17890816926956174,0.8206480145454407
65,2,s2_fi1_fu2_b0_l1,0.000465659803012386,0.2287707328796387,0.7707635760307312
66,2,s2_fi1_fu2_b1_l0,0.0004005462396889925,0.12617522478103638,0.873424232006073
67,2,s2_fi1_fu2_b1_l1,0.00047603185521438723,0.2347080558538437,0.7648159265518188
68,2,s2_fi2_fu1_b0_l0,0.0004694031085819006,0.16449038684368136,0.8350401520729065
69,2,s2_fi2_fu1_b0_l1,0.0005613810499198736,0.312109649181366,0.6873289942741394
70,2,s2_fi2_fu1_b1_l0,0.002138137351721525,0.6791307330131531,0.3187310695648193
71,2,s2_fi2_fu1_b1_l1,0.0010162125108763576,0.5750525593757629,0.4239312708377838
72,2,s2_fi2_fu2_b0_l0,0.0004332812677603215,0.07909630239009857,0.9204703569412231
73,2,s2_fi2_fu2_b0_l1,0.00042466435115784407,0.1560753583908081,0.8435000777244568
74,2,s2_fi2_fu2_b1_l0,0.0004092310555279255,0.1013045608997345,0.8982862234115601
75,2,s2_fi2_fu2_b1_l1,0.00042735811439342797,0.15558944642543793,0.8439831137657166
76,2,s2_fi3_fu1_b0_l0,0.0015405145240947606,0.6856185793876648,0.31284093856811523
77,2,s2_fi3_fu1_b0_l1,0.00195983424782753,0.7008564472198486,0.2971837222576141
78,2,s2_fi3_fu1_b1_l0,0.003194460412487388,0.6681405901908875,0.32866498827934265
79,2,s2_fi3_fu1_b1_l1,0.0015038129640743134,0.6837860941886902,0.3147100508213043
80,2,s2_fi3_fu2_b0_l0,0.0007415221771225332,0.4221914708614349,0.5770670771598816
81,2,s2_fi3_fu2_b0_l1,0.001850514323450625,0.7057491540908813,0.2924002707004547
82,2,s2_fi3_fu2_b1_l0,0.0006603291258215903,0.3634967505931854,0.6358429193496704
83,2,s2_fi3_fu2_b1_l1,0.0006420216523110868,0.3771645426750183,0.6221933960914612
84,5,s0_fi0_fu0_b0_l0,0.9758249521255492,0.013120555318892002,0.011054528877139091
85,5,s0_fi0_fu0_b0_l1,0.9444154500961304,0.028253473341465,0.027330968528985974
86,5,s0_fi0_fu0_b1_l0,0.9854295253753662,0.008522985503077507,0.006047469563782215
87,5,s0_fi0_fu0_b1_l1,0.9773855805397034,0.012453187257051468,0.010161276906728745
88,5,s0_fi1_fu1_b0_l0,0.0010603085393086076,0.5840674638748169,0.4148721992969513
89,5,s0_fi1_fu1_b0_l1,0.0006208553677424787,0.3626843094825745,0.6366948485374451
90,5,s0_fi1_fu1_b1_l0,0.0005042671109549701,0.2458531111478805,0.7536426782608032
91,5,s0_fi1_fu1_b1_l1,0.005353162065148354,0.6331640481948853,0.36148279905319214
92,5,s0_fi1_fu2_b0_l0,0.0005284121143631637,0.2532530128955841,0.7462185621261597
93,5,s0_fi1_fu2_b0_l1,0.00042314492748118937,0.15280818939208984,0.8467686772346497
94,5,s0_fi1_fu2_b1_l0,0.00045929788029752666,0.18979525566101074,0.8097454309463501
95,5,s0_fi1_fu2_b1_l1,0.00043317987001501024,0.17090561985969546,0.8286612033843994
96,5,s0_fi2_fu1_b0_l0,0.0004532700113486498,0.14236922562122345,0.8571774959564209
97,5,s0_fi2_fu1_b0_l1,0.001080603338778019,0.5880677103996277,0.4108517169952393
98,5,s0_fi2_fu1_b1_l0,0.0006547050434164702,0.3429883122444153,0.6563570499420166
99,5,s0_fi2_fu1_b1_l1,0.0007130979793146253,0.42256614565849293,0.5767207741737366
100,5,s0_fi2_fu2_b0_l0,0.000439188297605142,0.16395558416843414,0.835605263710022
101,5,s0_fi2_fu2_b0_l1,0.00043036779970861966,0.09674392640590668,0.902825653553009
102,5,s0_fi2_fu2_b1_l0,0.0004806301731150597,0.07790324836969376,0.9216161370277404
103,5,s0_fi2_fu2_b1_l1,0.0004552150785457343,0.13040460646152496,0.869140088558197
104,5,s0_fi3_fu1_b0_l0,0.0008346669492311777,0.4596289396286011,0.5395363569259644
105,5,s0_fi3_fu1_b0_l1,0.001128077507019043,0.6038184762001038,0.3950534462928772
106,5,s0_fi3_fu1_b1_l0,0.0005126887699589133,0.2348896265029907,0.7645977139472961
107,5,s0_fi3_fu1_b1_l1,0.0009690938168205321,0.552585244178772,0.44644561409950256
108,5,s0_fi3_fu2_b0_l0,0.0005477846134454012,0.27500173449516296,0.7244504690170288
109,5,s0_fi3_fu2_b0_l1,0.0004544187977444381,0.18473048508167267,0.814815104007721
110,5,s0_fi3_fu2_b1_l0,0.000473053747555241,0.14810922741889954,0.8514176607131958
111,5,s0_fi3_fu2_b1_l1,0.0005984900635667144,0.3235512673854828,0.6758503317832947
112,5,s1_fi0_fu0_b0_l0,0.955652117729187,0.0224651712924242,0.021882688626647
113,5,s1_fi0_fu0_b0_l1,0.9656386375427246,0.01748027093708515,0.01688116230070591
114,5,s1_fi0_fu0_b1_l0,0.9641629457473756,0.01820234023034573,0.017634689807891846
115,5,s1_fi0_fu0_b1_l1,0.9199982285499572,0.0410720631480217,0.038929685950279236
116,5,s1_fi1_fu1_b0_l0,0.006124955136328936,0.604526698589325,0.3893483877182007
117,5,s1_fi1_fu1_b0_l1,0.001611074199900031,0.6765088438987732,0.3218801319599152
118,5,s1_fi1_fu1_b1_l0,0.0024542813189327717,0.6635800004005432,0.3339657485485077
119,5,s1_fi1_fu1_b1_l1,0.001395543571561575,0.6656255125999451,0.3329789936542511
120,5,s1_fi1_fu2_b0_l0,0.0011610719375312328,0.6294550895690918,0.36938384175300604
121,5,s1_fi1_fu2_b0_l1,0.0005111623322591187,0.2625844180583954,0.7369043827056885
122,5,s1_fi1_fu2_b1_l0,0.0006413972587324679,0.3837831318378449,0.6155755519866943
123,5,s1_fi1_fu2_b1_l1,0.0005363676464185119,0.2937370538711548,0.7057265043258667
124,5,s1_fi2_fu1_b0_l0,0.01640933938324451,0.5558634400367737,0.42772722244262695
125,5,s1_fi2_fu1_b0_l1,0.004599187523126602,0.667870283126831,0.32753053307533264
126,5,s1_fi2_fu1_b1_l0,0.019678203389048576,0.5482605695724487,0.4320612251758576
127,5,s1_fi2_fu1_b1_l1,0.001587523962371051,0.6799476742744446,0.31846484541893005
128,5,s1_fi2_fu2_b0_l0,0.000814238388556987,0.4486381411552429,0.5505476593971252
129,5,s1_fi2_fu2_b0_l1,0.000735930516384542,0.2183900624513626,0.7808740139007568
130,5,s1_fi2_fu2_b1_l0,0.0007461922941729425,0.13611692190170288,0.863136887550354
131,5,s1_fi2_fu2_b1_l1,0.000675616436637938,0.2328743934631348,0.766450047492981
132,5,s1_fi3_fu1_b0_l0,0.009025015868246557,0.6683584451675415,0.3226165473461151
133,5,s1_fi3_fu1_b0_l1,0.001477162935771048,0.6714025139808655,0.327120304107666
134,5,s1_fi3_fu1_b1_l0,0.00224504410289228,0.7113226056098938,0.2864323854446411
135,5,s1_fi3_fu1_b1_l1,0.0010858500609174369,0.5594587326049805,0.43945544958114624
136,5,s1_fi3_fu2_b0_l0,0.0012868657940998671,0.6337847113609314,0.3649284243583679
137,5,s1_fi3_fu2_b0_l1,0.0008332296856679022,0.3880980312824249,0.6110687851905823
138,5,s1_fi3_fu2_b1_l0,0.0011243750341236591,0.5766913890838623,0.4221842885017395
139,5,s1_fi3_fu2_b1_l1,0.0006422856822609901,0.29932549595832825,0.7000321745872498
140,5,s2_fi0_fu0_b0_l0,0.9803132414817809,0.011339007876813412,0.008347677998244762
141,5,s2_fi0_fu0_b0_l1,0.9818930625915528,0.010488647967576979,0.00761827453970909
142,5,s2_fi0_fu0_b1_l0,0.9343774318695068,0.034450404345989234,0.03117215819656849
143,5,s2_fi0_fu0_b1_l1,0.968339741230011,0.017073139548301697,0.014587119221687315
144,5,s2_fi1_fu1_b0_l0,0.0013959216885268688,0.6620373725891113,0.3365667164325714
145,5,s2_fi1_fu1_b0_l1,0.0011376814218237994,0.6051439046859741,0.3937184512615204
146,5,s2_fi1_fu1_b1_l0,0.0021384006831794977,0.7053496837615967,0.2925119698047638
147,5,s2_fi1_fu1_b1_l1,0.001078274566680193,0.5787575244903564,0.4201641976833344
148,5,s2_fi1_fu2_b0_l0,0.0005613737739622593,0.2056603729724884,0.7937781810760498
149,5,s2_fi1_fu2_b0_l1,0.0006387041066773236,0.3235852420330048,0.6757760643959045
150,5,s2_fi1_fu2_b1_l0,0.0005677014705725014,0.15581877529621124,0.8436135649681091
151,5,s2_fi1_fu2_b1_l1,0.0005617153947241603,0.17571857571601868,0.8237197399139404
152,5,s2_fi2_fu1_b0_l0,0.000694657675921917,0.2524497509002685,0.7468555569648743
153,5,s2_fi2_fu1_b0_l1,0.0027533085085451607,0.7358931303024292,0.2613535523414612
154,5,s2_fi2_fu1_b1_l0,0.010147865861654282,0.6653997302055359,0.32445240020751953
155,5,s2_fi2_fu1_b1_l1,0.001381056965328753,0.6126764416694641,0.3859424591064453
156,5,s2_fi2_fu2_b0_l0,0.0007891256827861072,0.17121388018131256,0.8279969692230225
157,5,s2_fi2_fu2_b0_l1,0.0006046739290468395,0.17288661003112793,0.8265087008476257
158,5,s2_fi2_fu2_b1_l0,0.0006777132512070239,0.13158565759658813,0.8677365779876709
159,5,s2_fi2_fu2_b1_l1,0.0006165212253108621,0.1169608235359192,0.8824226260185242
160,5,s2_fi3_fu1_b0_l0,0.001156359328888357,0.5647188425064087,0.434124767780304
161,5,s2_fi3_fu1_b0_l1,0.0013097955379635096,0.6379037499427795,0.3607864677906037
162,5,s2_fi3_fu1_b1_l0,0.0014548093313351276,0.6704816222190857,0.32806357741355896
163,5,s2_fi3_fu1_b1_l1,0.0010595364728942511,0.5407778620719911,0.4581626355648041
164,5,s2_fi3_fu2_b0_l0,0.0007171586039476098,0.32389312982559204,0.6753897666931152
165,5,s2_fi3_fu2_b0_l1,0.0007277449476532638,0.3933894336223602,0.6058827638626099
166,5,s2_fi3_fu2_b1_l0,0.0007030777633190155,0.23731715977191925,0.7619797587394714
167,5,s2_fi3_fu2_b1_l1,0.0007707582553848624,0.2680189907550812,0.7312102913856506
168,8,s0_fi0_fu0_b0_l0,0.9522966742515564,0.025153759866952896,0.022549571469426155
169,8,s0_fi0_fu0_b0_l1,0.9687245488166808,0.0168449804186821,0.01443055272102356
170,8,s0_fi0_fu0_b1_l0,0.981196939945221,0.010971809737384321,0.007831207476556301
171,8,s0_fi0_fu0_b1_l1,0.6672786474227905,0.17506550252437592,0.15765582025051114
172,8,s0_fi1_fu1_b0_l0,0.013040154241025448,0.6095877885818481,0.3773720860481262
173,8,s0_fi1_fu1_b0_l1,0.007281019818037748,0.6419395804405212,0.3507794141769409
174,8,s0_fi1_fu1_b1_l0,0.13722887635231018,0.4641754627227783,0.3985956311225891
175,8,s0_fi1_fu1_b1_l1,0.004098310135304928,0.6762425303459167,0.3196591734886169
176,8,s0_fi1_fu2_b0_l0,0.0064174416474998,0.6472396850585938,0.3463428616523743
177,8,s0_fi1_fu2_b0_l1,0.008977349847555159,0.6295484304428101,0.3614742159843445
178,8,s0_fi1_fu2_b1_l0,0.07438375055789948,0.5091007351875305,0.4165155291557312
179,8,s0_fi1_fu2_b1_l1,0.0039535295218229285,0.6778369545936584,0.3182094991207123
180,8,s0_fi2_fu1_b0_l0,0.004872737918049097,0.6633397936820984,0.33178746700286865
181,8,s0_fi2_fu1_b0_l1,0.0055218967609107494,0.6559647917747498,0.3385132551193237
182,8,s0_fi2_fu1_b1_l0,0.02518190070986748,0.5725513696670532,0.4022667706012726
183,8,s0_fi2_fu1_b1_l1,0.00701768370345235,0.6463597416877747,0.3466225862503052
184,8,s0_fi2_fu2_b0_l0,0.02119556628167629,0.5671854615211487,0.4116190373897553
185,8,s0_fi2_fu2_b0_l1,0.1289769560098648,0.4615263640880585,0.4094966948032379
186,8,s0_fi2_fu2_b1_l0,0.09943410754203796,0.49113929271698,0.4094265997409821
187,8,s0_fi2_fu2_b1_l1,0.005419700406491757,0.6597640514373779,0.3348162770271301
188,8,s1_fi0_fu0_b0_l0,0.8827463388442993,0.06226887181401253,0.054984703660011285
189,8,s1_fi0_fu0_b0_l1,0.967690408229828,0.017052389681339264,0.015257263556122782
190,8,s1_fi0_fu0_b1_l0,0.956415355205536,0.02271842584013939,0.020866204053163532
191,8,s1_fi0_fu0_b1_l1,0.9245195984840392,0.03983856737613678,0.0356418713927269
192,8,s1_fi1_fu1_b0_l0,0.030561367049813267,0.6481398344039917,0.3212987780570984
193,8,s1_fi1_fu1_b0_l1,0.028509505093097687,0.6520223617553711,0.3194681704044342
194,8,s1_fi1_fu1_b1_l0,0.034494414925575256,0.6427109241485596,0.322794646024704
195,8,s1_fi1_fu1_b1_l1,0.020536525174975395,0.6561667919158936,0.3232966959476471
196,8,s1_fi1_fu2_b0_l0,0.02366022765636444,0.6554902791976929,0.3208495080471039
197,8,s1_fi1_fu2_b0_l1,0.02100604958832264,0.6589635014533997,0.32003045082092285
198,8,s1_fi1_fu2_b1_l0,0.021934337913990017,0.6559853553771973,0.3220803737640381
199,8,s1_fi1_fu2_b1_l1,0.020694881677627563,0.6559885144233704,0.3233166337013245
200,8,s1_fi2_fu1_b0_l0,0.046038776636123664,0.633625864982605,0.320335328578949
201,8,s1_fi2_fu1_b0_l1,0.020193733274936683,0.6558898091316223,0.3239164650440216
202,8,s1_fi2_fu1_b1_l0,0.03321823105216026,0.578607439994812,0.3881743252277374
203,8,s1_fi2_fu1_b1_l1,0.05465687066316605,0.6255665421485901,0.31977662444114685
204,8,s1_fi2_fu2_b0_l0,0.06187544018030167,0.6176560521125793,0.320468544960022
205,8,s1_fi2_fu2_b0_l1,0.05209052935242653,0.6281397342681885,0.3197696805000305
206,8,s1_fi2_fu2_b1_l0,0.023272814229130745,0.5773454904556274,0.3993817567825317
207,8,s1_fi2_fu2_b1_l1,0.04134898632764816,0.6382051706314087,0.3204459249973297
208,8,s2_fi0_fu0_b0_l0,0.5252106189727783,0.23654116690158844,0.23824822902679446
209,8,s2_fi0_fu0_b0_l1,0.680417001247406,0.16210094094276428,0.1574821174144745
210,8,s2_fi0_fu0_b1_l0,0.6512764692306519,0.18863332271575928,0.1600901335477829
211,8,s2_fi0_fu0_b1_l1,0.7438077330589294,0.13830405473709104,0.1178881898522377
212,8,s2_fi1_fu1_b0_l0,0.012992348521947859,0.4847149848937988,0.5022926926612854
213,8,s2_fi1_fu1_b0_l1,0.01056856568902731,0.4880544543266296,0.5013769268989563
214,8,s2_fi1_fu1_b1_l0,0.01332487165927887,0.5618485808372498,0.4248265027999878
215,8,s2_fi1_fu1_b1_l1,0.017583388835191727,0.489985466003418,0.492431104183197
216,8,s2_fi1_fu2_b0_l0,0.013739543035626413,0.4532643258571625,0.5329961180686951
217,8,s2_fi1_fu2_b0_l1,0.011114968918263912,0.4921847581863403,0.4967002868652344
218,8,s2_fi1_fu2_b1_l0,0.015839647501707074,0.5680252909660339,0.4161350131034851
219,8,s2_fi1_fu2_b1_l1,0.0111598689109087,0.4877797961235046,0.5010603666305542
220,8,s2_fi2_fu1_b0_l0,0.013673565350472929,0.4942839741706848,0.4920423924922943
221,8,s2_fi2_fu1_b0_l1,0.013627748005092144,0.4967620372772217,0.4896101951599121
222,8,s2_fi2_fu1_b1_l0,0.01384841836988926,0.5702736377716064,0.4158779084682465
223,8,s2_fi2_fu1_b1_l1,0.01801627315580845,0.4911055266857147,0.4908781945705414
224,8,s2_fi2_fu2_b0_l0,0.018762294203042984,0.4562962055206299,0.5249415040016174
225,8,s2_fi2_fu2_b0_l1,0.010522099211812021,0.4617750644683838,0.5277028083801271
226,8,s2_fi2_fu2_b1_l0,0.013456396758556366,0.4953082501888275,0.4912353157997131
227,8,s2_fi2_fu2_b1_l1,0.015911124646663666,0.4879575371742249,0.4961313605308533
0,3,s0_fi0_fu0_b0_l0,0.9312943816184998,0.039042983204126365,0.029662633314728737
1,3,s0_fi0_fu0_b0_l1,0.9531264901161194,0.025653000921010968,0.02122056856751442
2,3,s0_fi0_fu0_b1_l0,0.9501936435699464,0.027484066784381863,0.022322215139865875
3,3,s0_fi0_fu0_b1_l1,0.9603433609008788,0.021217960864305496,0.01843862608075142
4,3,s0_fi1_fu1_b0_l0,0.0006671858136542141,0.3073681890964508,0.6919646263122559
5,3,s0_fi1_fu1_b0_l1,0.0014709061942994597,0.7182947993278503,0.28023427724838257
6,3,s0_fi1_fu1_b1_l0,0.0006831582868471742,0.3223506212234497,0.6769662499427795
7,3,s0_fi1_fu1_b1_l1,0.0008089357288554312,0.3866632878780365,0.6125277876853943
8,3,s0_fi1_fu2_b0_l0,0.0004909267881885171,0.19530464708805084,0.8042044043540955
9,3,s0_fi1_fu2_b0_l1,0.0007426234660670161,0.360699325799942,0.638558030128479
10,3,s0_fi1_fu2_b1_l0,0.0004715066461358219,0.17988818883895874,0.8196402192115784
11,3,s0_fi1_fu2_b1_l1,0.0006203827215358615,0.2758958637714386,0.7234837412834167
12,3,s0_fi2_fu1_b0_l0,0.0007077582413330674,0.3352725505828857,0.6640197038650513
13,3,s0_fi2_fu1_b0_l1,0.0013796595158055427,0.6983674168586731,0.3002529144287109
14,3,s0_fi2_fu1_b1_l0,0.0005243726773187518,0.20949038863182068,0.7899852991104126
15,3,s0_fi2_fu1_b1_l1,0.0007427915115840732,0.3547349870204925,0.6445221304893494
16,3,s0_fi2_fu2_b0_l0,0.0003339300455991179,0.07848036289215088,0.9211856722831726
17,3,s0_fi2_fu2_b0_l1,0.0007420583860948683,0.3640015721321106,0.6352563500404358
18,3,s0_fi2_fu2_b1_l0,0.0005033641937188804,0.028994742780923843,0.9705018997192384
19,3,s0_fi2_fu2_b1_l1,0.0005044146673753859,0.20165662467479706,0.7978390455245972
20,3,s0_fi3_fu1_b0_l0,0.0017600313294678926,0.7820470929145813,0.21619290113449094
21,3,s0_fi3_fu1_b0_l1,0.0022097660694271326,0.8232576251029968,0.1745326668024063
22,3,s0_fi3_fu1_b1_l0,0.001460613333620131,0.7233302593231201,0.2752091288566589
23,3,s0_fi3_fu1_b1_l1,0.0009877934353426099,0.5404190421104431,0.4585931301116944
24,3,s0_fi3_fu2_b0_l0,0.0008644051849842073,0.4658280313014984,0.5333075523376465
25,3,s0_fi3_fu2_b0_l1,0.0010248846374452114,0.5541940927505493,0.4447810351848602
26,3,s0_fi3_fu2_b1_l0,0.0005470816395245492,0.2317990362644196,0.7676539421081543
27,3,s0_fi3_fu2_b1_l1,0.0006310844328254461,0.2965718507766724,0.7027970552444458
28,3,s1_fi0_fu0_b0_l0,0.9155480265617372,0.0483873076736927,0.03606468439102173
29,3,s1_fi0_fu0_b0_l1,0.9679365754127502,0.016570191830396652,0.015493195503950119
30,3,s1_fi0_fu0_b1_l0,0.9567362666130066,0.023312808945775032,0.019950982183218
31,3,s1_fi0_fu0_b1_l1,0.8893183469772339,0.06324785947799683,0.04743392392992973
32,3,s1_fi1_fu1_b0_l0,0.003363416763022542,0.8050240278244019,0.19161251187324524
33,3,s1_fi1_fu1_b0_l1,0.0014307586243376136,0.7056418061256409,0.2929274141788483
34,3,s1_fi1_fu1_b1_l0,0.002389900153502822,0.8088917136192322,0.18871839344501493
35,3,s1_fi1_fu1_b1_l1,0.0017336328746750949,0.7604125142097473,0.2378537952899933
36,3,s1_fi1_fu2_b0_l0,0.0021146012004464865,0.796422004699707,0.20146338641643524
37,3,s1_fi1_fu2_b0_l1,0.0005780008505098523,0.2502131760120392,0.7492088079452515
38,3,s1_fi1_fu2_b1_l0,0.000774228188674897,0.3676429092884064,0.6315828561782837
39,3,s1_fi1_fu2_b1_l1,0.0011784398229792714,0.6178100109100342,0.3810115158557892
40,3,s1_fi2_fu1_b0_l0,0.006763776298612356,0.7782780528068542,0.21495820581912994
41,3,s1_fi2_fu1_b0_l1,0.0011244985507801175,0.5897138118743896,0.40916165709495533
42,3,s1_fi2_fu1_b1_l0,0.004161318298429251,0.8149467706680298,0.18089188635349274
43,3,s1_fi2_fu1_b1_l1,0.0017561971908435225,0.7669811844825745,0.23126263916492465
44,3,s1_fi2_fu2_b0_l0,0.0020199131686240435,0.8020570278167725,0.19592304527759552
45,3,s1_fi2_fu2_b0_l1,0.0003389484772924334,0.09071531146764757,0.9089457988739014
46,3,s1_fi2_fu2_b1_l0,0.000264497211901471,0.026682224124670032,0.9730533361434937
47,3,s1_fi2_fu2_b1_l1,0.0005357252666726708,0.21978820860385892,0.7796760797500609
48,3,s1_fi3_fu1_b0_l0,0.004415943287312985,0.8037909865379333,0.1917930543422699
49,3,s1_fi3_fu1_b0_l1,0.0018949293298646808,0.8167150020599365,0.18139007687568665
50,3,s1_fi3_fu1_b1_l0,0.00534763652831316,0.7940949797630309,0.20055735111236567
51,3,s1_fi3_fu1_b1_l1,0.001370179350487888,0.6965469121932983,0.3020828366279602
52,3,s1_fi3_fu2_b0_l0,0.0026121577247977252,0.8235094547271729,0.17387841641902926
53,3,s1_fi3_fu2_b0_l1,0.0008271687547676264,0.4403717219829559,0.5588011145591736
54,3,s1_fi3_fu2_b1_l0,0.0010560605442151427,0.5859664082527161,0.4129775166511536
55,3,s1_fi3_fu2_b1_l1,0.0010707773035392163,0.57763671875,0.4212925434112549
56,3,s2_fi0_fu0_b0_l0,0.9629863500595092,0.01966436579823494,0.01734921708703041
57,3,s2_fi0_fu0_b0_l1,0.911824345588684,0.05052243173122406,0.03765314817428589
58,3,s2_fi0_fu0_b1_l0,0.9125343561172484,0.049566172063350684,0.03789955750107765
59,3,s2_fi0_fu0_b1_l1,0.9483109712600708,0.02872728742659092,0.02296171709895134
60,3,s2_fi1_fu1_b0_l0,0.0010711369104683401,0.5602746605873108,0.43865424394607533
61,3,s2_fi1_fu1_b0_l1,0.0012162372004240751,0.6352719068527222,0.3635118901729584
62,3,s2_fi1_fu1_b1_l0,0.001427423907443881,0.7021136879920961,0.296458899974823
63,3,s2_fi1_fu1_b1_l1,0.0013162012910470364,0.6790856122970581,0.3195981681346893
64,3,s2_fi1_fu2_b0_l0,0.0006590583943761885,0.3086269497871399,0.6907140612602234
65,3,s2_fi1_fu2_b0_l1,0.0010447357781231403,0.5561537146568298,0.4428015053272247
66,3,s2_fi1_fu2_b1_l0,0.0005232320399954915,0.2273390293121338,0.7721377611160278
67,3,s2_fi1_fu2_b1_l1,0.0007507432601414621,0.362831860780716,0.6364173293113708
68,3,s2_fi2_fu1_b0_l0,0.0009750390890985726,0.5248269438743591,0.4741980135440826
69,3,s2_fi2_fu1_b0_l1,0.0016193387564271688,0.7480316758155823,0.2503489851951599
70,3,s2_fi2_fu1_b1_l0,0.0021655296441167593,0.7903642058372498,0.20747031271457672
71,3,s2_fi2_fu1_b1_l1,0.0014700809260830285,0.7157773375511169,0.2827525734901428
72,3,s2_fi2_fu2_b0_l0,0.0002452683402225375,0.06547422707080841,0.9342805743217468
73,3,s2_fi2_fu2_b0_l1,0.00037109848926775163,0.14215347170829773,0.8574754595756531
74,3,s2_fi2_fu2_b1_l0,0.000315387878799811,0.10992083698511124,0.8897638320922852
75,3,s2_fi2_fu2_b1_l1,0.00046113706775940955,0.1911575049161911,0.8083813190460205
76,3,s2_fi3_fu1_b0_l0,0.0037171232979744673,0.8100861907005309,0.1861966848373413
77,3,s2_fi3_fu1_b0_l1,0.001898959744721651,0.7806128859519958,0.21748819947242734
78,3,s2_fi3_fu1_b1_l0,0.0018249446293339133,0.7888182997703552,0.20935668051242828
79,3,s2_fi3_fu1_b1_l1,0.0019245438743382688,0.7933545112609863,0.20472094416618347
80,3,s2_fi3_fu2_b0_l0,0.0012775640934705734,0.6795838475227356,0.3191385865211487
81,3,s2_fi3_fu2_b0_l1,0.0009178766631521283,0.5025749802589417,0.496507078409195
82,3,s2_fi3_fu2_b1_l0,0.000967836647760123,0.5457137227058411,0.4533184468746185
83,3,s2_fi3_fu2_b1_l1,0.001139121130108833,0.6296442747116089,0.3692165613174439
84,6,s0_fi0_fu0_b0_l0,0.9646896123886108,0.018044296652078632,0.0172660443931818
85,6,s0_fi0_fu0_b0_l1,0.9546696543693542,0.024077264592051503,0.02125300653278828
86,6,s0_fi0_fu0_b1_l0,0.9716634750366212,0.014052369631826878,0.014284114353358747
87,6,s0_fi0_fu0_b1_l1,0.9543294310569764,0.024160530418157574,0.02151005156338215
88,6,s0_fi1_fu1_b0_l0,0.0008391665760427713,0.4260728657245636,0.5730880498886108
89,6,s0_fi1_fu1_b0_l1,0.0005037870141677558,0.21710973978042605,0.7823864221572876
90,6,s0_fi1_fu1_b1_l0,0.0002717024181038141,0.08312544226646422,0.9166028499603271
91,6,s0_fi1_fu1_b1_l1,0.0012907491764053702,0.6581801772117615,0.34052908420562744
92,6,s0_fi1_fu2_b0_l0,0.0008780970238149166,0.4620323181152344,0.5370895266532898
93,6,s0_fi1_fu2_b0_l1,0.00038499009679071605,0.14997458457946775,0.849640429019928
94,6,s0_fi1_fu2_b1_l0,0.00025725646992214024,0.07417285442352295,0.9255698323249816
95,6,s0_fi1_fu2_b1_l1,0.00046616280451416975,0.19441336393356326,0.8051204681396484
96,6,s0_fi2_fu1_b0_l0,0.0007602506084367633,0.37514469027519226,0.6240949630737305
97,6,s0_fi2_fu1_b0_l1,0.00035237858537584543,0.1336902529001236,0.8659573197364807
98,6,s0_fi2_fu1_b1_l0,0.0002918386308010668,0.09499836713075638,0.9047097563743592
99,6,s0_fi2_fu1_b1_l1,0.000744266202673316,0.3655920326709747,0.6336636543273926
100,6,s0_fi2_fu2_b0_l0,0.000269611191470176,0.08057402074337006,0.9191563725471495
101,6,s0_fi2_fu2_b0_l1,0.00023284634517040104,0.05166565254330635,0.94810152053833
102,6,s0_fi2_fu2_b1_l0,0.0003301106335129589,0.014153175987303257,0.9855167269706726
103,6,s0_fi2_fu2_b1_l1,0.00030996862915344536,0.10658653825521468,0.8931035399436951
104,6,s0_fi3_fu1_b0_l0,0.0014486623695120215,0.7228828072547913,0.27566859126091003
105,6,s0_fi3_fu1_b0_l1,0.0009222307126037775,0.5173366665840149,0.4817411005496979
106,6,s0_fi3_fu1_b1_l0,0.0006860166904516518,0.3320817351341248,0.6672322750091553
107,6,s0_fi3_fu1_b1_l1,0.0015926103806123135,0.7507295608520508,0.2476777881383896
108,6,s0_fi3_fu2_b0_l0,0.0006562365451827644,0.31364065408706665,0.6857030987739563
109,6,s0_fi3_fu2_b0_l1,0.0005092199426144361,0.23094888031482694,0.7685419321060181
110,6,s0_fi3_fu2_b1_l0,0.000520508096087724,0.2354870140552521,0.7639924883842468
111,6,s0_fi3_fu2_b1_l1,0.00045071155182085926,0.1936328262090683,0.8059164881706238
112,6,s1_fi0_fu0_b0_l0,0.9533363580703736,0.0247346218675375,0.021929025650024414
113,6,s1_fi0_fu0_b0_l1,0.9521408081054688,0.025441253557801247,0.02241798490285873
114,6,s1_fi0_fu0_b1_l0,0.9480727314949036,0.027913933619856838,0.02401338331401348
115,6,s1_fi0_fu0_b1_l1,0.9204165935516356,0.04425860941410065,0.03532470390200615
116,6,s1_fi1_fu1_b0_l0,0.0019141879165545106,0.7728478312492371,0.2252379059791565
117,6,s1_fi1_fu1_b0_l1,0.0013895109295845034,0.692047655582428,0.3065628409385681
118,6,s1_fi1_fu1_b1_l0,0.0018581663025543094,0.7653027772903442,0.2328390628099441
119,6,s1_fi1_fu1_b1_l1,0.0017856615595519547,0.7556718587875366,0.24254247546195984
120,6,s1_fi1_fu2_b0_l0,0.0018738928483799102,0.7675175666809082,0.2306085079908371
121,6,s1_fi1_fu2_b0_l1,0.0007469744305126369,0.3534397780895233,0.6458132266998291
122,6,s1_fi1_fu2_b1_l0,0.0005689070676453412,0.2541395723819733,0.745291531085968
123,6,s1_fi1_fu2_b1_l1,0.0014004933182150126,0.6950995922088623,0.30349987745285034
124,6,s1_fi2_fu1_b0_l0,0.0018259069183841348,0.7728418111801147,0.22533228993415835
125,6,s1_fi2_fu1_b0_l1,0.0007189650787040591,0.346559077501297,0.6527220010757446
126,6,s1_fi2_fu1_b1_l0,0.0010805092751979828,0.5987542271614075,0.4001652896404265
127,6,s1_fi2_fu1_b1_l1,0.0013896526070311663,0.6944736242294312,0.304136723279953
128,6,s1_fi2_fu2_b0_l0,0.0004306116898078472,0.1343178153038025,0.8652516007423401
129,6,s1_fi2_fu2_b0_l1,0.0003132218262180686,0.052394766360521317,0.9472920298576356
130,6,s1_fi2_fu2_b1_l0,0.0004141739918850362,0.11928001791238785,0.8803057670593262
131,6,s1_fi2_fu2_b1_l1,0.0006152212154120207,0.2579614222049713,0.7414233088493347
132,6,s1_fi3_fu1_b0_l0,0.005350105930119753,0.818551778793335,0.1760980784893036
133,6,s1_fi3_fu1_b0_l1,0.0013479837216436865,0.7262900471687317,0.2723619341850281
134,6,s1_fi3_fu1_b1_l0,0.002129080006852746,0.8139271140098572,0.1839437484741211
135,6,s1_fi3_fu1_b1_l1,0.0016428829403594134,0.7644966840744019,0.23386043310165405
136,6,s1_fi3_fu2_b0_l0,0.0019424177007749679,0.8067377209663391,0.19131989777088165
137,6,s1_fi3_fu2_b0_l1,0.0007619322277605535,0.3831892609596253,0.6160488128662109
138,6,s1_fi3_fu2_b1_l0,0.0012167824897915125,0.6695904731750488,0.32919275760650635
139,6,s1_fi3_fu2_b1_l1,0.000644141575321555,0.2900485992431641,0.7093072533607483
140,6,s2_fi0_fu0_b0_l0,0.9690530896186828,0.016158394515514374,0.01478856522589922
141,6,s2_fi0_fu0_b0_l1,0.12028515338897705,0.5339114665985107,0.3458034098148346
142,6,s2_fi0_fu0_b1_l0,0.7896013855934143,0.11704955250024796,0.09334910660982132
143,6,s2_fi0_fu0_b1_l1,0.9651058316230774,0.01858679950237274,0.016307305544614792
144,6,s2_fi1_fu1_b0_l0,0.000729850260540843,0.33808523416519165,0.6611849069595337
145,6,s2_fi1_fu1_b0_l1,0.0015756573993712664,0.7380574941635132,0.2603668868541717
146,6,s2_fi1_fu1_b1_l0,0.0014721384504809976,0.7271425724029541,0.2713852822780609
147,6,s2_fi1_fu1_b1_l1,0.0009257433121092618,0.4532919824123383,0.545782208442688
148,6,s2_fi1_fu2_b0_l0,0.0006199170020408927,0.2655252814292908,0.7338548302650452
149,6,s2_fi1_fu2_b0_l1,0.0007744153845123948,0.3715956509113312,0.6276299357414246
150,6,s2_fi1_fu2_b1_l0,0.00038537249201908713,0.10441957414150238,0.8951950669288635
151,6,s2_fi1_fu2_b1_l1,0.0004608638992067426,0.024628203362226486,0.9749109745025636
152,6,s2_fi2_fu1_b0_l0,0.0004001048801001161,0.0951397940516472,0.9044601321220398
153,6,s2_fi2_fu1_b0_l1,0.0010696457466110587,0.572638213634491,0.4262920916080475
154,6,s2_fi2_fu1_b1_l0,0.0011053214548155663,0.5844435095787048,0.4144510924816132
155,6,s2_fi2_fu1_b1_l1,0.0005415027844719589,0.2063291072845459,0.7931294441223145
156,6,s2_fi2_fu2_b0_l0,0.0005736077437177299,0.034726373851299286,0.9647000432014464
157,6,s2_fi2_fu2_b0_l1,0.0004441729106474668,0.13465861976146698,0.8648972511291504
158,6,s2_fi2_fu2_b1_l0,0.00038775964640080934,0.03008364327251911,0.9695286154747008
159,6,s2_fi2_fu2_b1_l1,0.00034650528687052434,0.07503946870565414,0.9246140122413636
160,6,s2_fi3_fu1_b0_l0,0.0014762197388336062,0.7390262484550476,0.2594974935054779
161,6,s2_fi3_fu1_b0_l1,0.0012776964576914909,0.6653188467025757,0.33340349793434143
162,6,s2_fi3_fu1_b1_l0,0.0028055657166987658,0.8433141708374023,0.1538802981376648
163,6,s2_fi3_fu1_b1_l1,0.0012481146259233356,0.685070812702179,0.3136810660362244
164,6,s2_fi3_fu2_b0_l0,0.0007050481508485973,0.3386085033416748,0.6606864929199219
165,6,s2_fi3_fu2_b0_l1,0.001275370130315423,0.6733065843582153,0.325418084859848
166,6,s2_fi3_fu2_b1_l0,0.0009683179087005557,0.5212253332138062,0.4778063893318176
167,6,s2_fi3_fu2_b1_l1,0.0007926613907329737,0.3884029984474182,0.6108043193817139
168,9,s0_fi0_fu0_b0_l0,0.9640819430351256,0.019113801419734955,0.016804220154881474
169,9,s0_fi0_fu0_b0_l1,0.931691348552704,0.039339471608400345,0.028969185426831245
170,9,s0_fi0_fu0_b1_l0,0.9582456350326538,0.022826528176665303,0.018927909433841702
171,9,s0_fi0_fu0_b1_l1,0.971812665462494,0.014382428489625454,0.01380497869104147
172,9,s0_fi1_fu1_b0_l0,0.00719683850184083,0.7708533406257629,0.2219497710466385
173,9,s0_fi1_fu1_b0_l1,0.0055466461926698685,0.7862887382507324,0.20816460251808167
174,9,s0_fi1_fu1_b1_l0,0.007131924387067556,0.7791137099266052,0.21375440061092374
175,9,s0_fi1_fu1_b1_l1,0.003393414430320263,0.8142016530036926,0.18240495026111606
176,9,s0_fi1_fu2_b0_l0,0.0067086489871144295,0.7740298509597778,0.2192615121603012
177,9,s0_fi1_fu2_b0_l1,0.009621607139706612,0.7516093254089355,0.2387690395116806
178,9,s0_fi1_fu2_b1_l0,0.0054830024018883705,0.7954369187355042,0.19908004999160767
179,9,s0_fi1_fu2_b1_l1,0.004090877715498209,0.8067205548286438,0.1891885846853256
180,9,s0_fi2_fu1_b0_l0,0.002923184772953391,0.815577507019043,0.18149930238723755
181,9,s0_fi2_fu1_b0_l1,0.043713539838790894,0.6218475699424744,0.33443889021873474
182,9,s0_fi2_fu1_b1_l0,0.012668590061366558,0.7450957894325256,0.2422356158494949
183,9,s0_fi2_fu1_b1_l1,0.01209263317286968,0.7353687286376953,0.2525385916233063
184,9,s0_fi2_fu2_b0_l0,0.0052672796882689,0.7945418357849121,0.20019088685512546
185,9,s0_fi2_fu2_b0_l1,0.004994104616343975,0.7984127402305603,0.19659316539764404
186,9,s0_fi2_fu2_b1_l0,0.01216056477278471,0.7471052408218384,0.24073420464992526
187,9,s0_fi2_fu2_b1_l1,0.0042703282088041306,0.8039910793304443,0.1917385756969452
188,9,s1_fi0_fu0_b0_l0,0.6532344222068787,0.1878931075334549,0.15887245535850525
189,9,s1_fi0_fu0_b0_l1,0.9715260863304138,0.014540066942572594,0.013933765701949595
190,9,s1_fi0_fu0_b1_l0,0.9545274972915648,0.025092389434576038,0.02038012444972992
191,9,s1_fi0_fu0_b1_l1,0.9717267751693726,0.014447829686105253,0.01382531225681305
192,9,s1_fi1_fu1_b0_l0,0.06427127867937088,0.6373305916786194,0.29839813709259033
193,9,s1_fi1_fu1_b0_l1,0.013939956203103064,0.6523847579956055,0.3336752951145172
194,9,s1_fi1_fu1_b1_l0,0.01761854812502861,0.6505781412124634,0.3318032622337341
195,9,s1_fi1_fu1_b1_l1,0.016211440786719322,0.6485491991043091,0.33523935079574585
196,9,s1_fi1_fu2_b0_l0,0.056421026587486274,0.6473698616027832,0.2962090969085693
197,9,s1_fi1_fu2_b0_l1,0.013596275821328165,0.6538451313972473,0.3325585722923279
198,9,s1_fi1_fu2_b1_l0,0.01599241979420185,0.6528303027153015,0.3311772644519806
199,9,s1_fi1_fu2_b1_l1,0.014625725336372852,0.6532934308052063,0.33208078145980835
200,9,s1_fi2_fu1_b0_l0,0.03694596886634827,0.6285077929496765,0.3345462679862976
201,9,s1_fi2_fu1_b0_l1,0.027589451521635056,0.6307259202003479,0.34168460965156555
202,9,s1_fi2_fu1_b1_l0,0.03974591568112373,0.6278842091560364,0.33236995339393616
203,9,s1_fi2_fu1_b1_l1,0.03075803630053997,0.6305156946182251,0.33872628211975103
204,9,s1_fi2_fu2_b0_l0,0.030161833390593532,0.6361825466156006,0.33365553617477417
205,9,s1_fi2_fu2_b0_l1,0.025451650843024254,0.6332087516784668,0.3413395881652832
206,9,s1_fi2_fu2_b1_l0,0.03861233592033386,0.6298325061798096,0.3315552175045013
207,9,s1_fi2_fu2_b1_l1,0.04250265285372734,0.6228824853897095,0.3346149027347565
208,9,s2_fi0_fu0_b0_l0,0.5058236718177795,0.22449176013469696,0.2696846127510071
209,9,s2_fi0_fu0_b0_l1,0.4886296391487122,0.2377288043498993,0.27364152669906616
210,9,s2_fi0_fu0_b1_l0,0.27165642380714417,0.4046629965305328,0.323680579662323
211,9,s2_fi0_fu0_b1_l1,0.5079889893531799,0.22081667184829712,0.2711943387985229
212,9,s2_fi1_fu1_b0_l0,0.010966022498905659,0.5620928406715393,0.4269411265850067
213,9,s2_fi1_fu1_b0_l1,0.011661248281598093,0.5646359920501709,0.42370274662971497
214,9,s2_fi1_fu1_b1_l0,0.01879228837788105,0.5705679655075073,0.410639762878418
215,9,s2_fi1_fu1_b1_l1,0.01883281022310257,0.5428522825241089,0.4383149147033691
216,9,s2_fi1_fu2_b0_l0,0.016930930316448208,0.559766411781311,0.42330268025398254
217,9,s2_fi1_fu2_b0_l1,0.012332607060670851,0.5955265164375305,0.39214083552360535
218,9,s2_fi1_fu2_b1_l0,0.01886500418186188,0.5642027854919434,0.4169321954250336
219,9,s2_fi1_fu2_b1_l1,0.013420178554952143,0.5357909202575684,0.4507888853549957
220,9,s2_fi2_fu1_b0_l0,0.019463662058115002,0.5511755347251892,0.4293607771396637
221,9,s2_fi2_fu1_b0_l1,0.0147034153342247,0.5453521013259888,0.4399445056915283
222,9,s2_fi2_fu1_b1_l0,0.017535360530018806,0.5718453526496887,0.4106192588806152
223,9,s2_fi2_fu1_b1_l1,0.028120523318648342,0.5082494020462036,0.4636300206184387
224,9,s2_fi2_fu2_b0_l0,0.03779850155115128,0.5189530849456787,0.4432483911514282
225,9,s2_fi2_fu2_b0_l1,0.02234185673296452,0.5409207940101624,0.4367373287677765
226,9,s2_fi2_fu2_b1_l0,0.018105873838067055,0.5893502831459045,0.39254385232925415
227,9,s2_fi2_fu2_b1_l1,0.018114887177944183,0.5763895511627197,0.4054955542087555
