,Object,Sequence,ftype_prob_0,ftype_prob_1,ftype_prob_2,ftype_prob_3
0,1,s0_fi0_fu0_b0_l0,0.9989790916442872,0.0002669510722626001,0.00046880022273398936,0.0002851155877579004
1,1,s0_fi0_fu0_b0_l1,0.998772919178009,0.0004494072927627713,0.0005916455411352218,0.00018608033133205024
2,1,s0_fi0_fu0_b1_l0,0.9990183115005492,0.00026776548475027084,0.0004449296102393418,0.0002689850807655603
3,1,s0_fi0_fu0_b1_l1,0.9990087151527404,0.00030011485796421766,0.000434425484854728,0.0002567261108197272
4,1,s0_fi1_fu1_b0_l0,0.00015330822498071941,0.9964576363563538,0.003352194325998425,3.680765803437679e-05
5,1,s0_fi1_fu1_b0_l1,0.00021088092762511224,0.9979472756385804,0.001806873013265431,3.5032608138863e-05
6,1,s0_fi1_fu1_b1_l0,0.0001825799699872732,0.997974455356598,0.001807798049412668,3.5173663491150364e-05
7,1,s0_fi1_fu1_b1_l1,0.0001895966415759176,0.997478187084198,0.002300216583535075,3.1963634683052085e-05
8,1,s0_fi1_fu2_b0_l0,0.00016508606495335698,0.997731864452362,0.0020659517031162977,3.714197737281211e-05
9,1,s0_fi1_fu2_b0_l1,0.00019337632693350315,0.9980139732360841,0.0017563428264111278,3.62669670721516e-05
10,1,s0_fi1_fu2_b1_l0,0.00018449743220116943,0.9980360865592957,0.0017374719027429821,4.2041669075842954e-05
11,1,s0_fi1_fu2_b1_l1,0.0002185478078899905,0.998008906841278,0.0017335748998448253,3.905348785337992e-05
12,1,s0_fi2_fu1_b0_l0,1.5104580597835593e-05,0.0014341396745294333,0.9966858029365541,0.0018650280544534328
13,1,s0_fi2_fu1_b0_l1,0.00016048156248871234,0.0015767826698720455,0.9314804077148438,0.06678231805562973
14,1,s0_fi2_fu1_b1_l0,1.2117117876186967e-05,0.0014548073522746565,0.9971677660942078,0.0013653518399223685
15,1,s0_fi2_fu1_b1_l1,6.31407237960957e-05,0.0015523508191108706,0.9877074360847472,0.010677147656679152
16,1,s0_fi2_fu2_b0_l0,1.3316330296220258e-05,0.0010332958772778509,0.9968190193176271,0.0021343650296330448
17,1,s0_fi2_fu2_b0_l1,0.00012411705392878503,0.9807041883468628,0.019078942015767097,9.282675455324352e-05
18,1,s0_fi2_fu2_b1_l0,1.125144353864016e-05,0.0012913887621834874,0.9972853660583496,0.001412009703926742
19,1,s0_fi2_fu2_b1_l1,1.16852479550289e-05,0.0015225887764245274,0.9972953200340272,0.0011704141506925225
20,1,s0_fi3_fu1_b0_l0,0.0002547994372434914,3.948335870518349e-05,0.0013332086382433774,0.998372495174408
21,1,s0_fi3_fu1_b0_l1,0.0019185141427442434,0.0007051811553537847,0.13616761565208435,0.8612086772918701
22,1,s0_fi3_fu1_b1_l0,0.00019172248721588403,2.68153271463234e-05,0.0005069147446192801,0.9992745518684388
23,1,s0_fi3_fu1_b1_l1,0.00024796926300041383,2.889240931835957e-05,0.0004978643846698105,0.9992252588272096
24,1,s0_fi3_fu2_b0_l0,0.0002041971602011472,2.652479452081025e-05,0.0004507933335844427,0.9993184804916382
25,1,s0_fi3_fu2_b0_l1,0.00029789272230118513,3.080286114709452e-05,0.0004984684637747705,0.9991727471351624
26,1,s0_fi3_fu2_b1_l0,0.00020496347860898823,2.706489249248989e-05,0.0004259958805050701,0.9993420243263244
27,1,s0_fi3_fu2_b1_l1,0.0002953399089165032,2.89132531179348e-05,0.0004159180971328169,0.9992597699165344
28,1,s1_fi0_fu0_b0_l0,0.9932286143302916,0.0018170002149418,0.004647080320864916,0.00030740053625777364
29,1,s1_fi0_fu0_b0_l1,0.9985803365707396,0.000530547637026757,0.000710899301338941,0.00017818073683883998
30,1,s1_fi0_fu0_b1_l0,0.995834469795227,0.0015057579148560762,0.0024403110146522518,0.00021945609478279948
31,1,s1_fi0_fu0_b1_l1,0.9990248680114746,0.0002706664090510458,0.0004486035031732172,0.00025583230308257043
32,1,s1_fi1_fu1_b0_l0,0.0006757813389413059,0.23653118312358856,0.7624850869178772,0.0003078784211538732
33,1,s1_fi1_fu1_b0_l1,0.00022359257854986933,0.9937942028045654,0.005942436400800943,3.980963447247632e-05
34,1,s1_fi1_fu1_b1_l0,0.0002115614479407668,0.9950575828552246,0.0046944189816713324,3.640933573478833e-05
35,1,s1_fi1_fu1_b1_l1,0.0002015380159718916,0.9928070306777954,0.0069490671157836905,4.2376323108328506e-05
36,1,s1_fi1_fu2_b0_l0,0.0002129245403921232,0.9888238310813904,0.010912497527897358,5.063071876065806e-05
37,1,s1_fi1_fu2_b0_l1,0.0001854178699431941,0.9980200529098512,0.0017586303874850273,3.591535278246738e-05
38,1,s1_fi1_fu2_b1_l0,0.0001629419857636094,0.9978823065757751,0.001919300644658506,3.539107274264097e-05
39,1,s1_fi1_fu2_b1_l1,0.0001747453206917271,0.9979599714279176,0.0018268113490194078,3.840468707494438e-05
40,1,s1_fi2_fu1_b0_l0,0.0004002544737886637,0.0017790570855140684,0.9936477541923524,0.004172937478870153
41,1,s1_fi2_fu1_b0_l1,1.8485879991203547e-05,0.0029969427268952127,0.9958962202072144,0.001088370685465634
42,1,s1_fi2_fu1_b1_l0,3.381142232683487e-05,0.0034127540420740843,0.995395004749298,0.0011584472376853228
43,1,s1_fi2_fu1_b1_l1,2.6812484065885652e-05,0.0015246103284880519,0.994498074054718,0.003950516227632761
44,1,s1_fi2_fu2_b0_l0,7.336318230954929e-05,0.014772106893360615,0.984644651412964,0.0005099150002934039
45,1,s1_fi2_fu2_b0_l1,1.3072854017082134e-05,0.0018536371644586325,0.9970608353614808,0.0010724770836532118
46,1,s1_fi2_fu2_b1_l0,1.1223134606552776e-05,0.0015592186246067286,0.9972858428955078,0.0011437187204137444
47,1,s1_fi2_fu2_b1_l1,1.2857070032623595e-05,0.0023361423518508677,0.996630609035492,0.0010204147547483444
48,1,s1_fi3_fu1_b0_l0,0.007906024344265461,0.00022604771947953847,0.014071514829993248,0.9777964949607848
49,1,s1_fi3_fu1_b0_l1,0.00031408568611368537,2.8832722819061022e-05,0.0003883924509864301,0.9992687106132508
50,1,s1_fi3_fu1_b1_l0,0.00031609254074282944,5.051330299465917e-05,0.002122717909514904,0.9975106716156006
51,1,s1_fi3_fu1_b1_l1,0.01476998534053564,0.00027141155442222953,0.016369609162211418,0.9685889482498168
52,1,s1_fi3_fu2_b0_l0,0.000312343385303393,2.9918879590695727e-05,0.000453805347206071,0.9992039799690248
53,1,s1_fi3_fu2_b0_l1,0.0003222633386030793,2.9554681532317766e-05,0.0003693646576721221,0.9992788434028624
54,1,s1_fi3_fu2_b1_l0,0.0002512638748157769,2.7334834157954898e-05,0.0003979936009272933,0.9993234872817992
55,1,s1_fi3_fu2_b1_l1,0.00019590582814998922,2.670685171324294e-05,0.0004927858244627714,0.9992846846580504
56,1,s2_fi0_fu0_b0_l0,0.9989707469940186,0.00030054280068725353,0.0004825694486498833,0.00024613551795482635
57,1,s2_fi0_fu0_b0_l1,0.02928783930838108,0.00026826010434888303,0.013227635994553566,0.9572162628173828
58,1,s2_fi0_fu0_b1_l0,0.9983680844306946,0.0005053115310147406,0.0009054022375494242,0.00022124974930193275
59,1,s2_fi0_fu0_b1_l1,0.9980492591857909,0.000281383196124807,0.0008022537222132088,0.0008670820388942957
60,1,s2_fi1_fu1_b0_l0,0.0001867749233497307,0.9961786270141602,0.0036003182176500563,3.426336843403988e-05
61,1,s2_fi1_fu1_b0_l1,0.00021728142746724188,0.9811283349990844,0.01858878880739212,6.562360067619011e-05
62,1,s2_fi1_fu1_b1_l0,0.0004811082326341421,0.9651440978050232,0.034309767186641686,6.498768198071049e-05
63,1,s2_fi1_fu1_b1_l1,0.00019918213365599516,0.9954138398170472,0.004351760260760784,3.523678969941102e-05
64,1,s2_fi1_fu2_b0_l0,0.00022375982371158895,0.9973756074905396,0.002370491856709123,3.0251914722612128e-05
65,1,s2_fi1_fu2_b0_l1,0.0002626428613439203,0.9974371194839478,0.002267932984977961,3.2201209251070395e-05
66,1,s2_fi1_fu2_b1_l0,0.0002788947313092649,0.9978528022766112,0.0018165975343436005,5.17256703460589e-05
67,1,s2_fi1_fu2_b1_l1,0.0002623214677441865,0.9974906444549559,0.0022143374662846327,3.2734958949731656e-05
68,1,s2_fi2_fu1_b0_l0,1.221402908413438e-05,0.0010153820039704444,0.9966164231300354,0.002355957636609673
69,1,s2_fi2_fu1_b0_l1,1.3636989024234936e-05,0.0016665376024320722,0.9968786239624025,0.001441228436306119
70,1,s2_fi2_fu1_b1_l0,0.00032859673956409097,0.028954824432730675,0.9704909324645996,0.0002257084852317348
71,1,s2_fi2_fu1_b1_l1,2.3260865418706093e-05,0.00126034882850945,0.9944973587989808,0.004219058435410261
72,1,s2_fi2_fu2_b0_l0,1.142961446021218e-05,0.0010065766982734203,0.9968180656433104,0.0021639238111674786
73,1,s2_fi2_fu2_b0_l1,1.1266543879173696e-05,0.0010202893754467368,0.9968882203102112,0.002080261940136552
74,1,s2_fi2_fu2_b1_l0,1.165078083431581e-05,0.0010105761466547847,0.9967406392097472,0.002237185835838318
75,1,s2_fi2_fu2_b1_l1,1.3145533557690214e-05,0.001006123493425548,0.9962942004203796,0.002686534309759736
76,1,s2_fi3_fu1_b0_l0,0.0006028620991855861,3.216988261556253e-05,0.0004462745564524084,0.9989187717437744
77,1,s2_fi3_fu1_b0_l1,0.000312928284984082,2.870628668460995e-05,0.000662359525449574,0.9989959597587584
78,1,s2_fi3_fu1_b1_l0,0.0009648511768318713,3.7265130231389776e-05,0.0005901482654735446,0.998407781124115
79,1,s2_fi3_fu1_b1_l1,0.00027156440773978835,3.2408333936473355e-05,0.0011367241386324167,0.998559296131134
80,1,s2_fi3_fu2_b0_l0,0.0005443065310828388,3.1410399969900034e-05,0.0004275804094504565,0.9989966750144958
81,1,s2_fi3_fu2_b0_l1,0.00026507905567996204,2.7972075258730907e-05,0.0006976533331908286,0.9990092515945436
82,1,s2_fi3_fu2_b1_l0,0.0007125155534595251,3.370597914909013e-05,0.0005003366968594491,0.9987534284591676
83,1,s2_fi3_fu2_b1_l1,0.0005080468254163861,3.1023449992062524e-05,0.00044677176629193127,0.9990140199661256
84,4,s0_fi0_fu0_b0_l0,0.9984399676322936,0.0006680663791485131,0.0007082824595272541,0.0001837066956795752
85,4,s0_fi0_fu0_b0_l1,0.990788757801056,0.006641587242484093,0.0023630899377167225,0.00020658572611864656
86,4,s0_fi0_fu0_b1_l0,0.9987088441848756,0.0005052729393355548,0.000613514450378716,0.00017243027104996145
87,4,s0_fi0_fu0_b1_l1,0.9982367753982544,0.0007882530335336924,0.0008053352939896287,0.00016953182057477534
88,4,s0_fi1_fu1_b0_l0,0.00017482288239989432,0.9968768358230592,0.002917379140853882,3.089741221629083e-05
89,4,s0_fi1_fu1_b0_l1,0.000197167755686678,0.9966946840286256,0.003078341018408537,2.9849210477550514e-05
90,4,s0_fi1_fu1_b1_l0,0.00021853890211787075,0.9962860345840454,0.003465896239504218,2.9531604013754986e-05
91,4,s0_fi1_fu1_b1_l1,0.00025962817016988987,0.9931436777114868,0.006563029251992703,3.359173206263222e-05
92,4,s0_fi1_fu2_b0_l0,0.00020289368694648147,0.9956704378128052,0.004095250274986029,3.1495703296968713e-05
93,4,s0_fi1_fu2_b0_l1,0.0001995658822124824,0.997402846813202,0.002367192879319191,3.0341823730850592e-05
94,4,s0_fi1_fu2_b1_l0,0.0002090652124024928,0.9973788261413574,0.002381941536441445,3.0220378903322853e-05
95,4,s0_fi1_fu2_b1_l1,0.0002773441083263606,0.9972854852676392,0.002405565232038498,3.1675095669925206e-05
96,4,s0_fi2_fu1_b0_l0,1.6533696907572448e-05,0.0013034652220085265,0.9959359169006348,0.002744158497080207
97,4,s0_fi2_fu1_b0_l1,0.00033388336305506533,0.0014180762227624655,0.8291634917259216,0.1690845638513565
98,4,s0_fi2_fu1_b1_l0,1.2241994227224495e-05,0.0010001519694924355,0.9965498447418212,0.002437731483951211
99,4,s0_fi2_fu1_b1_l1,0.0003758594684768468,0.0014733853749930859,0.9954590797424316,0.0026917716022580858
100,4,s0_fi2_fu2_b0_l0,1.211130711453734e-05,0.0010007540695369244,0.9965670108795166,0.0024201050400733948
101,4,s0_fi2_fu2_b0_l1,1.5498182619921866e-05,0.00100343010853976,0.9954206347465516,0.0035603737924247976
102,4,s0_fi2_fu2_b1_l0,1.1554810953384733e-05,0.0010091405129060151,0.9967889785766602,0.002190436935052276
103,4,s0_fi2_fu2_b1_l1,1.1051927685912233e-05,0.0012186013627797365,0.9971079230308532,0.0016624550335109234
104,4,s0_fi3_fu1_b0_l0,0.0004502170777413994,3.0476840038318187e-05,0.0004660244740080088,0.9990532994270324
105,4,s0_fi3_fu1_b0_l1,0.0010107698617503047,3.6482942959992215e-05,0.000494201376568526,0.9984585046768188
106,4,s0_fi3_fu1_b1_l0,0.0005879044183529912,3.1724805012345314e-05,0.00042594113619998103,0.99895441532135
107,4,s0_fi3_fu1_b1_l1,0.009022199548780918,7.951424049679191e-05,0.0006571286940015852,0.9902411699295044
108,4,s0_fi3_fu2_b0_l0,0.0005672903498634696,3.1586467230226845e-05,0.00042227175435982645,0.998978853225708
109,4,s0_fi3_fu2_b0_l1,0.0007191962795332074,3.314669447718188e-05,0.0004486266116145998,0.9987990856170654
110,4,s0_fi3_fu2_b1_l0,0.0005415662890300156,3.129943797830492e-05,0.000421626667957753,0.9990054965019226
111,4,s0_fi3_fu2_b1_l1,0.001178095117211342,3.759900937438943e-05,0.0004279549757484346,0.998356282711029
112,4,s1_fi0_fu0_b0_l0,0.9968380928039552,0.0017745807999745011,0.001210357411764562,0.0001770431554177776
113,4,s1_fi0_fu0_b0_l1,0.9982815980911256,0.0007833864074200393,0.0007407032535411417,0.00019434363639447838
114,4,s1_fi0_fu0_b1_l0,0.9971500039100648,0.0016122962115332484,0.0010483949445188048,0.00018929655198007825
115,4,s1_fi0_fu0_b1_l1,0.9967464208602904,0.0018907284829765558,0.0011779747437685726,0.00018489801732357594
116,4,s1_fi1_fu1_b0_l0,0.0003856115508824587,0.9803380966186525,0.019229430705308914,4.683770748670213e-05
117,4,s1_fi1_fu1_b0_l1,0.00031532582943327725,0.9902780652046204,0.00936926994472742,3.7267898733261966e-05
118,4,s1_fi1_fu1_b1_l0,0.0012302057584747672,0.657947301864624,0.3406623601913452,0.00016015791334211826
119,4,s1_fi1_fu1_b1_l1,0.0002657760342117399,0.9889532327651978,0.010740560479462148,4.043302760692313e-05
120,4,s1_fi1_fu2_b0_l0,0.000249996519414708,0.9928823709487916,0.006832842715084553,3.4797714761225513e-05
121,4,s1_fi1_fu2_b0_l1,0.00019006634829565883,0.9973312616348268,0.0024484978057444096,3.0198425520211455e-05
122,4,s1_fi1_fu2_b1_l0,0.00021271976584102958,0.9974122643470764,0.0023443815298378468,3.066963472520001e-05
123,4,s1_fi1_fu2_b1_l1,0.00019030863768421116,0.996132493019104,0.0036466661840677257,3.0478262488031763e-05
124,4,s1_fi2_fu1_b0_l0,0.9990303516387941,0.0002197590802097693,0.0004183611599728465,0.00033150019589811563
125,4,s1_fi2_fu1_b0_l1,8.386714762309565e-05,0.0011848144931718707,0.9514512419700624,0.04728011041879654
126,4,s1_fi2_fu1_b1_l0,0.000205102696781978,0.9938202500343324,0.005939300172030926,3.54633666574955e-05
127,4,s1_fi2_fu1_b1_l1,0.09575864672660828,0.0009695679764263332,0.12331311404705048,0.7799586653709412
128,4,s1_fi2_fu2_b0_l0,0.00014263420598581433,0.0015923435566946866,0.9298388361930848,0.068426214158535
129,4,s1_fi2_fu2_b0_l1,2.2242193153942932e-05,0.001245828694663942,0.9956185221672058,0.0031134849414229393
130,4,s1_fi2_fu2_b1_l0,2.0242830942152065e-05,0.001302753109484911,0.9960232973098756,0.002653739880770445
131,4,s1_fi2_fu2_b1_l1,1.9408727894187905e-05,0.0012675776379182935,0.9963047504425048,0.002408289350569248
132,4,s1_fi3_fu1_b0_l0,0.8168780207633972,0.0006240584189072251,0.004943262320011854,0.1775546371936798
133,4,s1_fi3_fu1_b0_l1,0.001187372370623052,4.629162867786363e-05,0.00045059685362502927,0.9983158111572266
134,4,s1_fi3_fu1_b1_l0,0.005414301995187998,8.427620923612267e-05,0.000980839249677956,0.9935205578804016
135,4,s1_fi3_fu1_b1_l1,0.000729257008060813,3.912413012585603e-05,0.0004274978127796203,0.9988040924072266
136,4,s1_fi3_fu2_b0_l0,0.0019902652129530907,5.463359411805868e-05,0.0005270391702651979,0.9974281191825868
137,4,s1_fi3_fu2_b0_l1,0.0003821227001026273,3.3668515243334696e-05,0.0003955922438763082,0.9991886019706726
138,4,s1_fi3_fu2_b1_l0,0.0003549717948772013,3.2481060770805925e-05,0.0004202192940283567,0.9991922974586488
139,4,s1_fi3_fu2_b1_l1,0.0005479087121784687,3.77169853891246e-05,0.0003980565234087408,0.9990162849426271
140,4,s2_fi0_fu0_b0_l0,0.9988422989845276,0.0002836841740645468,0.0004811123653780669,0.00039287994150072336
141,4,s2_fi0_fu0_b0_l1,0.9977783560752868,0.0004992532194592059,0.001330818864516914,0.00039154035039246077
142,4,s2_fi0_fu0_b1_l0,0.9975169897079468,0.0005920897820033133,0.0015365426661446688,0.0003543188795447349
143,4,s2_fi0_fu0_b1_l1,0.9985628724098206,0.0002590895164757967,0.0004922094522044064,0.000685775768943131
144,4,s2_fi1_fu1_b0_l0,0.0001877295726444572,0.9939674139022828,0.005794158671051264,5.072859494248405e-05
145,4,s2_fi1_fu1_b0_l1,0.00030221452470868826,0.14287883043289185,0.8561467528343201,0.0006721809040755032
146,4,s2_fi1_fu1_b1_l0,0.0003896354464814067,0.9299802780151368,0.06949517875909805,0.00013492023572325706
147,4,s2_fi1_fu1_b1_l1,0.00022705907758791,0.9954085946083068,0.004322655498981476,4.1592025809222826e-05
148,4,s2_fi1_fu2_b0_l0,0.00015183087089098993,0.9975486397743224,0.00225638272240758,4.314426041673869e-05
149,4,s2_fi1_fu2_b0_l1,0.0001577852526679635,0.9961077570915222,0.0036907603498548274,4.365401400718838e-05
150,4,s2_fi1_fu2_b1_l0,0.0003673862665891647,0.6773375272750854,0.321861207485199,0.0004338499857112765
151,4,s2_fi1_fu2_b1_l1,0.0001919942005770281,0.8751701116561891,0.12426290661096573,0.0003749797469936311
152,4,s2_fi2_fu1_b0_l0,0.00012824805162381378,0.0012979848543182015,0.9393842220306396,0.059189550578594215
153,4,s2_fi2_fu1_b0_l1,2.8976142857573e-05,0.0011473512277007105,0.9935868978500366,0.005236721597611904
154,4,s2_fi2_fu1_b1_l0,0.0003125870425719768,0.00210079993121326,0.9280990958213806,0.0694875493645668
155,4,s2_fi2_fu1_b1_l1,4.5957862312207e-05,0.0014689406380057335,0.989371657371521,0.009113427251577377
156,4,s2_fi2_fu2_b0_l0,2.5942368665710088e-05,0.0011808169074356554,0.9947649240493774,0.004028326831758022
157,4,s2_fi2_fu2_b0_l1,3.09154020214919e-05,0.0011473945342004301,0.993301272392273,0.005520419217646122
158,4,s2_fi2_fu2_b1_l0,2.1759729861514646e-05,0.0012354006757959726,0.9955840706825256,0.0031588354613631964
159,4,s2_fi2_fu2_b1_l1,1.9700626580743123e-05,0.0013430926483124495,0.9961487054824828,0.002488501835614443
160,4,s2_fi3_fu1_b0_l0,0.0005975017556920648,4.0817929402692243e-05,0.0005292721907608211,0.9988324046134948
161,4,s2_fi3_fu1_b0_l1,0.00041666542529128486,3.6451558116823435e-05,0.0004906303365714848,0.9990562796592712
162,4,s2_fi3_fu1_b1_l0,0.0005001731915399432,3.71743954019621e-05,0.0004837292362935841,0.9989789724349976
163,4,s2_fi3_fu1_b1_l1,0.0004998023505322635,3.567296153050848e-05,0.000409157364629209,0.9990553259849548
164,4,s2_fi3_fu2_b0_l0,0.0004058927297592163,3.5363398637855425e-05,0.0004120116354897618,0.9991466999053956
165,4,s2_fi3_fu2_b0_l1,0.00029640787397511303,3.1911735277390114e-05,0.00043015569099225104,0.999241590499878
166,4,s2_fi3_fu2_b1_l0,0.0003294011112302542,3.290596214355901e-05,0.00044250898645259435,0.9991952776908876
167,4,s2_fi3_fu2_b1_l1,0.00040942640043795114,3.577827010303736e-05,0.00040628807619214063,0.9991484880447388
168,7,s0_fi0_fu0_b0_l0,0.99885356426239,0.0002804649993777275,0.0004906599060632288,0.00037529395194724197
169,7,s0_fi0_fu0_b0_l1,0.998773753643036,0.00027490817592479294,0.0005054970970377326,0.00044579489622265095
170,7,s0_fi0_fu0_b1_l0,0.9987165927886964,0.0003842973674181849,0.0005623495089821516,0.0003368653415236622
171,7,s0_fi0_fu0_b1_l1,0.8600978851318359,0.0034154364839196205,0.11581578105688095,0.020670903846621517
172,7,s0_fi1_fu1_b0_l0,0.00030324576073326165,0.979272723197937,0.020349174737930298,7.485550304409118e-05
173,7,s0_fi1_fu1_b0_l1,0.0004179870884399861,0.9846088886260986,0.0149118360131979,6.128531094873324e-05
174,7,s0_fi1_fu1_b1_l0,0.0008254867279902102,0.8690086007118225,0.12999466061592102,0.0001712647790554911
175,7,s0_fi1_fu1_b1_l1,0.00026819951017387206,0.9908660054206848,0.008814385160803795,5.140245411894284e-05
176,7,s0_fi1_fu2_b0_l0,0.0011250658426433802,0.9205286502838136,0.07822474092245102,0.0001215510274050757
177,7,s0_fi1_fu2_b0_l1,0.00040212279418483377,0.9762401580810548,0.023286014795303345,7.174438360380009e-05
178,7,s0_fi1_fu2_b1_l0,0.0007954966858960687,0.9601885080337524,0.03892102092504501,9.496980783296748e-05
179,7,s0_fi1_fu2_b1_l1,0.0002184537152061239,0.9899963140487672,0.009728187695145607,5.696928565157578e-05
180,7,s0_fi2_fu1_b0_l0,0.0007796069257892668,0.1906139999628067,0.8081905245780945,0.00041585878352634614
181,7,s0_fi2_fu1_b0_l1,0.0007151979370974004,0.01663878932595253,0.9820950627326964,0.0005509602488018572
182,7,s0_fi2_fu1_b1_l0,0.3447214365005493,0.05967726930975914,0.5924094319343567,0.0031917945016175513
183,7,s0_fi2_fu1_b1_l1,0.000489500816911459,0.7974567413330078,0.20180301368236545,0.00025070851552300155
184,7,s0_fi2_fu2_b0_l0,0.000455794099252671,0.014652379788458347,0.984329104423523,0.0005627286736853421
185,7,s0_fi2_fu2_b0_l1,0.00037589273415505886,0.004897338803857565,0.9934203028678894,0.0013064570957794785
186,7,s0_fi2_fu2_b1_l0,0.0001361286704195663,0.003625927027314901,0.9946118593215942,0.0016261005075648427
187,7,s0_fi2_fu2_b1_l1,0.00041429695556871593,0.6624156832695007,0.3367653787136078,0.0004045970854349434
188,7,s1_fi0_fu0_b0_l0,0.9978190660476683,0.000509557081386447,0.0012984166387468574,0.000372871378203854
189,7,s1_fi0_fu0_b0_l1,0.9987101554870604,0.00045395691995508963,0.0005418902728706597,0.0002939302066806704
190,7,s1_fi0_fu0_b1_l0,0.996446430683136,0.000945639971178025,0.0022598374634981155,0.00034822203451767564
191,7,s1_fi0_fu0_b1_l1,0.9976567029953004,0.0006068947841413318,0.001426152535714209,0.0003102125774603337
192,7,s1_fi1_fu1_b0_l0,0.00530371256172657,0.9277775287628174,0.0643584281206131,0.0025604176335036755
193,7,s1_fi1_fu1_b0_l1,0.0020913630723953247,0.9767785072326659,0.020043214783072468,0.0010868050158023834
194,7,s1_fi1_fu1_b1_l0,0.006006215699017048,0.926880419254303,0.06314180791378021,0.0039715152233839035
195,7,s1_fi1_fu1_b1_l1,0.005650140810757875,0.9440357089042664,0.04797995835542679,0.00233411299996078
196,7,s1_fi1_fu2_b0_l0,0.27366864681243896,0.3525480031967163,0.31776857376098633,0.056014735251665115
197,7,s1_fi1_fu2_b0_l1,0.00449653435498476,0.9279849529266356,0.06500237435102463,0.002516165841370821
198,7,s1_fi1_fu2_b1_l0,0.003336018184199929,0.9511719346046448,0.04326432943344116,0.0022277333773672576
199,7,s1_fi1_fu2_b1_l1,0.10706287622451782,0.5064049959182739,0.3522544801235199,0.034277673810720444
200,7,s1_fi2_fu1_b0_l0,0.07388971745967865,0.5765606164932251,0.3251245319843292,0.02442505769431591
201,7,s1_fi2_fu1_b0_l1,0.018387187272310257,0.6892178058624268,0.2803024649620056,0.012092538177967072
202,7,s1_fi2_fu1_b1_l0,0.01865050569176674,0.5538622140884399,0.4125868082046509,0.014900502748787403
203,7,s1_fi2_fu1_b1_l1,0.02013008296489716,0.39715230464935297,0.5621231198310852,0.020594486966729164
204,7,s1_fi2_fu2_b0_l0,0.0724225789308548,0.29761606454849243,0.5830807685852051,0.04688059538602829
205,7,s1_fi2_fu2_b0_l1,0.011883263476192951,0.7068524956703186,0.27172940969467163,0.009534848853945732
206,7,s1_fi2_fu2_b1_l0,0.021858150139451027,0.5163766145706177,0.4338683187961577,0.0278969295322895
207,7,s1_fi2_fu2_b1_l1,0.02960810996592045,0.4700050055980682,0.4778512418270111,0.02253558300435543
208,7,s2_fi0_fu0_b0_l0,0.220221683382988,0.10779380053281784,0.2115391343832016,0.4604453444480896
209,7,s2_fi0_fu0_b0_l1,0.6391891837120056,0.04012079909443855,0.07078766077756883,0.2499023675918579
210,7,s2_fi0_fu0_b1_l0,0.4917145967483521,0.1960645318031311,0.19664886593818665,0.1155720204114914
211,7,s2_fi0_fu0_b1_l1,0.2899187803268433,0.07008000463247299,0.09426164627075197,0.5457395315170288
212,7,s2_fi1_fu1_b0_l0,0.010623766109347343,0.8421561717987059,0.13634420931339264,0.01087580993771553
213,7,s2_fi1_fu1_b0_l1,0.0032704477198421955,0.9714648723602296,0.023434624075889587,0.0018299802904948594
214,7,s2_fi1_fu1_b1_l0,0.0018656322499737144,0.9791463017463684,0.018076784908771515,0.0009112100233323873
215,7,s2_fi1_fu1_b1_l1,0.00280716922134161,0.9646292328834534,0.030690588057041168,0.0018729665316641329
216,7,s2_fi1_fu2_b0_l0,0.010100017301738262,0.8086242079734802,0.1697922646999359,0.011483466252684591
217,7,s2_fi1_fu2_b0_l1,0.001798340119421482,0.9781426191329956,0.01900426484644413,0.0010547953424975276
218,7,s2_fi1_fu2_b1_l0,0.0015774049097672105,0.9861617088317872,0.011615442112088205,0.0006453539826907218
219,7,s2_fi1_fu2_b1_l1,0.0024286624975502487,0.9782127737998962,0.01808151416480541,0.0012770647881552575
220,7,s2_fi2_fu1_b0_l0,0.005610583815723658,0.7438694834709167,0.2414703518152237,0.009049562737345695
221,7,s2_fi2_fu1_b0_l1,0.027494393289089203,0.3376888632774353,0.5747273564338684,0.06008933857083321
222,7,s2_fi2_fu1_b1_l0,0.015058424323797224,0.21731474995613095,0.7140095233917236,0.05361729860305786
223,7,s2_fi2_fu1_b1_l1,0.008751931600272655,0.6805606484413147,0.2973248362541199,0.013362591154873371
224,7,s2_fi2_fu2_b0_l0,0.0047797528095543385,0.8874414563179016,0.10240361839532852,0.005375119857490064
225,7,s2_fi2_fu2_b0_l1,0.0172214787453413,0.13838179409503934,0.7688246965408325,0.0755719393491745
226,7,s2_fi2_fu2_b1_l0,0.01163883414119482,0.3385360538959503,0.6138094663619995,0.036015648394823074
227,7,s2_fi2_fu2_b1_l1,0.010303289629518986,0.5989435315132141,0.3724857270717621,0.018267441540956497
0,2,s0_fi0_fu0_b0_l0,0.9984595775604248,0.0006863342132419348,0.0006443395395763217,0.00020982495334465057
1,2,s0_fi0_fu0_b0_l1,0.9984325766563416,0.000629348331131041,0.0007058547926135361,0.00023226339544635263
2,2,s0_fi0_fu0_b1_l0,0.9981968998908995,0.0007632437045685947,0.0008232799591496588,0.0002165652549592778
3,2,s0_fi0_fu0_b1_l1,0.9983075857162476,0.0009403150179423393,0.0005477490485645831,0.0002042459964286536
4,2,s0_fi1_fu1_b0_l0,0.00016433202836196867,0.9979902505874634,0.001742487191222608,0.00010293025115970522
5,2,s0_fi1_fu1_b0_l1,0.00013647340529132634,0.9973644614219666,0.002398238517343998,0.00010087552800541745
6,2,s0_fi1_fu1_b1_l0,0.0001430646370863542,0.9979020357131958,0.001848638174124062,0.00010625275172060357
7,2,s0_fi1_fu1_b1_l1,0.00019644226995296774,0.9979783892631532,0.001728883245959878,9.629652777221054e-05
8,2,s0_fi1_fu2_b0_l0,0.000197420667973347,0.9980674386024476,0.0016235023504123092,0.0001116141866077669
9,2,s0_fi1_fu2_b0_l1,0.00017276083235628903,0.9980511665344238,0.001671474426984787,0.000104564824141562
10,2,s0_fi1_fu2_b1_l0,0.0002069785259664059,0.9979786276817322,0.0016880613984540105,0.00012634207087103277
11,2,s0_fi1_fu2_b1_l1,0.0004055299505125731,0.9978349804878236,0.0016377744032070039,0.00012168475223006679
12,2,s0_fi2_fu1_b0_l0,3.976093285018578e-05,0.00101452914532274,0.997519552707672,0.0014262014301493766
13,2,s0_fi2_fu1_b0_l1,3.3143383916467435e-05,0.001417376915924251,0.9975703358650208,0.0009791039628908038
14,2,s0_fi2_fu1_b1_l0,3.2968411687761545e-05,0.0011144218733534217,0.997730791568756,0.0011219076113775373
15,2,s0_fi2_fu1_b1_l1,3.233256211387925e-05,0.0020918098744004965,0.997109591960907,0.000766294018831104
16,2,s0_fi2_fu2_b0_l0,3.3623586205067106e-05,0.0009748974698595703,0.9976686835289,0.00132270366884768
17,2,s0_fi2_fu2_b0_l1,3.1736311939312145e-05,0.0010998686775565147,0.9977645874023438,0.0011037806980311868
18,2,s0_fi2_fu2_b1_l0,2.585725451353937e-05,0.0014333680737763645,0.9973772764205932,0.0011635626433417199
19,2,s0_fi2_fu2_b1_l1,2.906970803451259e-05,0.0019368192879483106,0.9972869157791138,0.0007471078424714506
20,2,s0_fi3_fu1_b0_l0,0.0013773837126791475,4.3620293581625453e-05,0.0013850918039679527,0.9971938133239746
21,2,s0_fi3_fu1_b0_l1,0.013619582168757915,0.00024052374646998945,0.030347211286425587,0.9557926654815674
22,2,s0_fi3_fu1_b1_l0,0.001239029341377318,4.2226365621900186e-05,0.0011161362053826453,0.997602641582489
23,2,s0_fi3_fu1_b1_l1,0.0030442916322499514,6.429399218177423e-05,0.0015041554579511285,0.9953872561454772
24,2,s0_fi3_fu2_b0_l0,0.000923226063605398,3.617974653025158e-05,0.0012330012395977974,0.9978076815605164
25,2,s0_fi3_fu2_b0_l1,0.006383198779076339,9.124624193646014e-05,0.0023557301610708237,0.991169810295105
26,2,s0_fi3_fu2_b1_l0,0.0008659570594318211,3.752402335521765e-05,0.0023265236523002386,0.9967700242996216
27,2,s0_fi3_fu2_b1_l1,0.0014328316319733858,4.492526568355971e-05,0.0010754824616014957,0.9974467754364014
28,2,s1_fi0_fu0_b0_l0,0.9981657862663268,0.0008800690411590039,0.0007607738371007143,0.00019340038124937564
29,2,s1_fi0_fu0_b0_l1,0.9985108971595764,0.0006986664957366884,0.0005862437537871301,0.00020419176144059747
30,2,s1_fi0_fu0_b1_l0,0.9972571730613708,0.0014686197973787785,0.0010850905673578384,0.0001891411084216088
31,2,s1_fi0_fu0_b1_l1,0.9979456067085266,0.0009288236615248023,0.0009251799783669412,0.000200433234567754
32,2,s1_fi1_fu1_b0_l0,0.00013699481496587396,0.9913851022720336,0.008349628187716005,0.00012817466631531715
33,2,s1_fi1_fu1_b0_l1,0.0001417781604686752,0.9977091550827026,0.002051208633929491,9.794011566555128e-05
34,2,s1_fi1_fu1_b1_l0,0.0001381117181153968,0.9953603148460388,0.0043929899111390105,0.00010855201981030405
35,2,s1_fi1_fu1_b1_l1,0.00010789565567392856,0.9943407773971558,0.005427445750683546,0.0001238942495547235
36,2,s1_fi1_fu2_b0_l0,0.00013504282105714085,0.9974466562271118,0.0023201934527605768,9.81451667030342e-05
37,2,s1_fi1_fu2_b0_l1,0.00019384497136343268,0.9980797767639159,0.0016177118523046374,0.0001086219199351035
38,2,s1_fi1_fu2_b1_l0,0.00019902075291611252,0.9980896115303041,0.0016064427327364685,0.00010492817818885668
39,2,s1_fi1_fu2_b1_l1,0.00015907383931335062,0.9980100989341736,0.0017284404020756485,0.00010239439143333584
40,2,s1_fi2_fu1_b0_l0,0.00026515431818552315,0.009050444699823856,0.9897922277450562,0.0008921625558286904
41,2,s1_fi2_fu1_b0_l1,3.141312481602654e-05,0.0031370974611490965,0.9961655139923096,0.0006659990176558496
42,2,s1_fi2_fu1_b1_l0,5.6598764786031104e-05,0.0016550382133573296,0.9971150159835817,0.001173330470919609
43,2,s1_fi2_fu1_b1_l1,3.8772865082137293e-05,0.0021715492475777864,0.9969807267189026,0.000809005054179579
44,2,s1_fi2_fu2_b0_l0,5.063540083938278e-05,0.0015262849628925323,0.9971953630447388,0.001227669301442802
45,2,s1_fi2_fu2_b0_l1,2.6117209927178923e-05,0.0012426822213456035,0.997797966003418,0.0009332292829640211
46,2,s1_fi2_fu2_b1_l0,2.3807951947674155e-05,0.002000630833208561,0.9970828890800476,0.0008926501614041626
47,2,s1_fi2_fu2_b1_l1,2.840535671566613e-05,0.0018293595639988782,0.9973830580711364,0.0007591438479721546
48,2,s1_fi3_fu1_b0_l0,0.26028868556022644,0.0008291021222248672,0.044862832874059684,0.6940193772315979
49,2,s1_fi3_fu1_b0_l1,0.001877186354249716,5.006114224670455e-05,0.0013355730334296825,0.9967371821403505
50,2,s1_fi3_fu1_b1_l0,0.009310469962656498,0.00011179811554029585,0.006534521467983723,0.9840431809425354
51,2,s1_fi3_fu1_b1_l1,0.0285688191652298,0.00019855280697811398,0.007465656846761702,0.9637670516967772
52,2,s1_fi3_fu2_b0_l0,0.034920744597911835,0.0002167453785659745,0.007097237277776003,0.9577653408050536
53,2,s1_fi3_fu2_b0_l1,0.0014917498920112848,4.583107511280105e-05,0.0011416904162615538,0.997320830821991
54,2,s1_fi3_fu2_b1_l0,0.0015055424300953744,4.4452168367570266e-05,0.0012552074622362852,0.9971947669982909
55,2,s1_fi3_fu2_b1_l1,0.002375226700678468,5.425048584584147e-05,0.002006916794925928,0.9955636262893676
56,2,s2_fi0_fu0_b0_l0,0.9979674220085144,0.0010823538759723306,0.0007565035484731197,0.00019367440836504104
57,2,s2_fi0_fu0_b0_l1,0.9976162910461426,0.0005579399876296519,0.0013510165736079214,0.0004747614730149508
58,2,s2_fi0_fu0_b1_l0,0.9982093572616576,0.0007950690924189986,0.0007896650931797923,0.0002058938262052834
59,2,s2_fi0_fu0_b1_l1,0.9985528588294984,0.00050753029063344,0.0006350959884002805,0.00030454935040324926
60,2,s2_fi1_fu1_b0_l0,0.0001566593564348295,0.9976658821105956,0.002081994665786624,9.552742267260328e-05
61,2,s2_fi1_fu1_b0_l1,0.00017878138169180602,0.9270043373107909,0.07245130091905594,0.0003655945183709264
62,2,s2_fi1_fu1_b1_l0,0.00013671795022673905,0.9948217868804932,0.004929583519697189,0.00011200109292985871
63,2,s2_fi1_fu1_b1_l1,0.00018751769675873217,0.9301595687866212,0.06929142773151398,0.0003615166642703116
64,2,s2_fi1_fu2_b0_l0,0.00016556537593714893,0.9979981780052184,0.0017310857074335215,0.00010512078733881935
65,2,s2_fi1_fu2_b0_l1,0.0001263834856217727,0.9975167512893676,0.002253401093184948,0.00010341783490730451
66,2,s2_fi1_fu2_b1_l0,0.0002393840113654733,0.9980506896972656,0.0015911157242953775,0.00011891395115526392
67,2,s2_fi1_fu2_b1_l1,0.00017973026842810214,0.9980533123016356,0.0016631308244541287,0.00010381743777543305
68,2,s2_fi2_fu1_b0_l0,3.078872032347135e-05,0.0011103416327387094,0.9977772831916808,0.0010815549176186323
69,2,s2_fi2_fu1_b0_l1,3.275649942224845e-05,0.0036336544435471296,0.9956846237182616,0.0006489174556918442
70,2,s2_fi2_fu1_b1_l0,9.552801202517004e-05,0.008564035408198833,0.9906750321388244,0.0006653839373029767
71,2,s2_fi2_fu1_b1_l1,3.704421760630794e-05,0.0024414679501205683,0.9967375397682191,0.0007839326863177121
72,2,s2_fi2_fu2_b0_l0,2.4703849703655575e-05,0.0014454916818067431,0.9975192546844482,0.0010105777764692905
73,2,s2_fi2_fu2_b0_l1,2.732934808591381e-05,0.0016349436482414605,0.9975290894508362,0.000808668730314821
74,2,s2_fi2_fu2_b1_l0,2.573151687101927e-05,0.0013559440849348905,0.9977070093154908,0.0009113380801863967
75,2,s2_fi2_fu2_b1_l1,2.8619240765692663e-05,0.001317062764428556,0.9977273344993592,0.0009269517031498252
76,2,s2_fi3_fu1_b0_l0,0.003425768576562405,6.644401582889259e-05,0.001788333524018526,0.9947195053100586
77,2,s2_fi3_fu1_b0_l1,0.0016185176791623235,0.0013350091176107526,0.9527682662010192,0.04427829012274742
78,2,s2_fi3_fu1_b1_l0,0.014714824967086315,0.00014188715431373566,0.003420346416532993,0.9817230105400084
79,2,s2_fi3_fu1_b1_l1,0.0220914613455534,0.00021681060025002807,0.002756441477686167,0.9749353528022766
80,2,s2_fi3_fu2_b0_l0,0.0025687192101031537,6.107993249315768e-05,0.0013637890806421638,0.996006429195404
81,2,s2_fi3_fu2_b0_l1,0.008365396410226822,0.00011203914618818091,0.002276774495840073,0.9892457127571106
82,2,s2_fi3_fu2_b1_l0,0.0015170491533353925,4.5365224650595344e-05,0.0015092653920874,0.9969282746315002
83,2,s2_fi3_fu2_b1_l1,0.002115718089044094,5.356160181690939e-05,0.001281269360333681,0.9965493679046632
84,5,s0_fi0_fu0_b0_l0,0.9986343979835509,0.0005420349189080298,0.0005724824732169509,0.0002510728954803198
85,5,s0_fi0_fu0_b0_l1,0.9983546137809752,0.0006867910851724446,0.0007309731445275247,0.00022754786186851558
86,5,s0_fi0_fu0_b1_l0,0.998747706413269,0.0004691949870903045,0.00045552049414254725,0.00032751794788055116
87,5,s0_fi0_fu0_b1_l1,0.9987001419067384,0.0005559682031162083,0.0004910629359073937,0.00025272255879826844
88,5,s0_fi1_fu1_b0_l0,0.00011516286758705974,0.9948711395263672,0.004888749215751886,0.00012505354243330657
89,5,s0_fi1_fu1_b0_l1,0.00018955738050863147,0.998036563396454,0.0016720173880457876,0.00010184840357396752
90,5,s0_fi1_fu1_b1_l0,0.00018599307804834098,0.998044729232788,0.0016642455011606214,0.00010505483078304678
91,5,s0_fi1_fu1_b1_l1,0.0006334982463158668,0.9782686829566956,0.020930316299200058,0.00016745852190069854
92,5,s0_fi1_fu2_b0_l0,0.00018872109649237243,0.9980419874191284,0.0016601124079898,0.00010905582894338296
93,5,s0_fi1_fu2_b0_l1,0.00018937328422907743,0.9980413913726808,0.0016576402122154832,0.00011157722474308684
94,5,s0_fi1_fu2_b1_l0,0.000225402633077465,0.9980714917182922,0.0015887749614194036,0.00011431927123339848
95,5,s0_fi1_fu2_b1_l1,0.00022033313871361318,0.9980689883232116,0.0015980176394805312,0.00011271194671280681
96,5,s0_fi2_fu1_b0_l0,3.8989484892226756e-05,0.0008797097252681851,0.9974390268325806,0.0016422881744801998
97,5,s0_fi2_fu1_b0_l1,0.0002689084503799677,0.0010032246354967356,0.9889733195304872,0.009754572063684464
98,5,s0_fi2_fu1_b1_l0,4.383192572277039e-05,0.0010652539785951376,0.9974079728126526,0.0014828729908913374
99,5,s0_fi2_fu1_b1_l1,0.00579536659643054,0.002122359350323677,0.9253603219985962,0.06672197580337524
100,5,s0_fi2_fu2_b0_l0,3.4558892366476364e-05,0.0010119749931618571,0.9976516366004944,0.0013017419259995222
101,5,s0_fi2_fu2_b0_l1,2.7412550480221398e-05,0.0011780977947637439,0.9977226853370668,0.0010718501871451735
102,5,s0_fi2_fu2_b1_l0,2.7635322112473656e-05,0.0013152660103514788,0.9973725080490112,0.0012846140889450908
103,5,s0_fi2_fu2_b1_l1,3.135350198135711e-05,0.0010352227836847305,0.997719705104828,0.0012136411387473345
104,5,s0_fi3_fu1_b0_l0,0.0011635960545390847,4.041352440253832e-05,0.0017209803918376565,0.9970749616622924
105,5,s0_fi3_fu1_b0_l1,0.0015613512368872762,4.5606047933688394e-05,0.0016152412863448262,0.9967778325080872
106,5,s0_fi3_fu1_b1_l0,0.0011449353769421575,4.0815124521031976e-05,0.001072956365533173,0.9977413415908812
107,5,s0_fi3_fu1_b1_l1,0.0023908547591418032,5.8050471125170595e-05,0.0012840618146583438,0.996267020702362
108,5,s0_fi3_fu2_b0_l0,0.0010379055747762322,3.8268586649792276e-05,0.0014877244830131529,0.9974361062049866
109,5,s0_fi3_fu2_b0_l1,0.0010146890999749305,3.816015305346809e-05,0.0010937233455479145,0.9978533387184144
110,5,s0_fi3_fu2_b1_l0,0.0010941113578155637,4.252939106663689e-05,0.0009476197883486748,0.9979156851768494
111,5,s0_fi3_fu2_b1_l1,0.0014925457071512938,4.6967270463937894e-05,0.0010976202320307493,0.9973629117012024
112,5,s1_fi0_fu0_b0_l0,0.9982877373695374,0.000798423308879137,0.0007133721956051887,0.00020051744650118053
113,5,s1_fi0_fu0_b0_l1,0.998449683189392,0.0007111823069863021,0.0006329039460979402,0.0002062147977994755
114,5,s1_fi0_fu0_b1_l0,0.9983046054840088,0.0007794228149577974,0.0007152470643632113,0.00020075445354450494
115,5,s1_fi0_fu0_b1_l1,0.9975183010101318,0.0012171046109870074,0.0010664209257811306,0.000198186346096918
116,5,s1_fi1_fu1_b0_l0,0.0005597384297288954,0.9234431385993958,0.07570261508226395,0.00029457040363922715
117,5,s1_fi1_fu1_b0_l1,0.00013456068700179458,0.989510416984558,0.010214831680059431,0.00014026914141140878
118,5,s1_fi1_fu1_b1_l0,0.000350511894794181,0.8590230345726013,0.14016380906105042,0.0004626814625225961
119,5,s1_fi1_fu1_b1_l1,0.00013799202861264348,0.9972007274627686,0.0025626160204410553,9.869693167274818e-05
120,5,s1_fi1_fu2_b0_l0,0.00022669063764624298,0.6967474222183228,0.30217069387435913,0.000855137303005904
121,5,s1_fi1_fu2_b0_l1,0.00012821302516385913,0.9976494908332824,0.002118074102327228,0.00010416629811516032
122,5,s1_fi1_fu2_b1_l0,0.00016719699488021433,0.9979773163795472,0.0017552986973896625,0.00010020942863775416
123,5,s1_fi1_fu2_b1_l1,0.0001265332684852183,0.9975795149803162,0.0021899985149502754,0.0001039467315422371
124,5,s1_fi2_fu1_b0_l0,0.002764582633972168,0.005652524065226317,0.9874907135963441,0.004092227201908828
125,5,s1_fi2_fu1_b0_l1,9.000388672575355e-05,0.0011400117073208096,0.9964129328727722,0.0023570789489895105
126,5,s1_fi2_fu1_b1_l0,0.0005209799855947496,0.017418770119547844,0.981187105178833,0.0008732244605198503
127,5,s1_fi2_fu1_b1_l1,4.356475983513519e-05,0.001989263109862805,0.997041881084442,0.000925161933992058
128,5,s1_fi2_fu2_b0_l0,8.152730151778087e-05,0.0010950893629342318,0.9962087869644164,0.0026145735755562787
129,5,s1_fi2_fu2_b0_l1,3.410113640711643e-05,0.0014560783747583628,0.9974271655082704,0.0010825967183336618
130,5,s1_fi2_fu2_b1_l0,3.68329492630437e-05,0.0013525503454729915,0.9970158338546752,0.0015948364743962884
131,5,s1_fi2_fu2_b1_l1,3.7215137126622715e-05,0.0012945032212883234,0.9974440336227416,0.001224231324158609
132,5,s1_fi3_fu1_b0_l0,0.011200559325516224,0.00013544459943659604,0.0030493831727653737,0.9856145977973938
133,5,s1_fi3_fu1_b0_l1,0.0019182170508429406,5.267744927550666e-05,0.001645547337830067,0.996383547782898
134,5,s1_fi3_fu1_b1_l0,0.0027010757476091385,6.161089550005272e-05,0.0022583759855479,0.994978964328766
135,5,s1_fi3_fu1_b1_l1,0.0014908507000654936,4.757820715894922e-05,0.0014966664602980018,0.996964991092682
136,5,s1_fi3_fu2_b0_l0,0.001962787471711636,5.326793325366452e-05,0.001662612077780068,0.996321439743042
137,5,s1_fi3_fu2_b0_l1,0.002022537868469953,6.0739159380318604e-05,0.001132691279053688,0.9967840909957886
138,5,s1_fi3_fu2_b1_l0,0.0016068376135081053,4.891498974757269e-05,0.0015284570399671793,0.9968157410621644
139,5,s1_fi3_fu2_b1_l1,0.0010668648174032571,4.1229399357689545e-05,0.0012614427832886574,0.9976303577423096
140,5,s2_fi0_fu0_b0_l0,0.9984684586524964,0.0005543886800296606,0.0006409303168766202,0.00033620931208133703
141,5,s2_fi0_fu0_b0_l1,0.9975975155830384,0.000580436026211828,0.00128139927983284,0.0005407066200859845
142,5,s2_fi0_fu0_b1_l0,0.9971244931221008,0.0014170833164826035,0.0012281091185286641,0.0002303241490153596
143,5,s2_fi0_fu0_b1_l1,0.9982566237449646,0.000546670111361891,0.0007761435699649155,0.00042052226490341127
144,5,s2_fi1_fu1_b0_l0,0.0005329209961928427,0.7800508737564087,0.218639075756073,0.0007771130185574293
145,5,s2_fi1_fu1_b0_l1,0.00013030669651925564,0.994322657585144,0.005418043117970228,0.00012898795830551535
146,5,s2_fi1_fu1_b1_l0,0.0001554805930936709,0.9855335354804992,0.014138348400592804,0.00017268615192733702
147,5,s2_fi1_fu1_b1_l1,0.00014297020970843732,0.99601548910141,0.0037224697880446907,0.00011907210136996582
148,5,s2_fi1_fu2_b0_l0,0.0001729405630612746,0.9979105591773988,0.0018006106838583946,0.00011588622146518898
149,5,s2_fi1_fu2_b0_l1,0.0001171950934804045,0.9963621497154236,0.003397186286747456,0.0001235740346601233
150,5,s2_fi1_fu2_b1_l0,0.00017948196909856048,0.9978861212730408,0.0018089313525706532,0.00012544771016109737
151,5,s2_fi1_fu2_b1_l1,0.0001341410243185237,0.9975382089614868,0.0022063027136027813,0.00012133282871218398
152,5,s2_fi2_fu1_b0_l0,0.0001512542221462354,0.0009182991925626992,0.990942656993866,0.007987892255187035
153,5,s2_fi2_fu1_b0_l1,0.0003869892389047891,0.0012377940583974125,0.9871224164962769,0.011252743192017078
154,5,s2_fi2_fu1_b1_l0,0.0009604343795217575,0.00851275213062763,0.9881094098091124,0.0024174305144697428
155,5,s2_fi2_fu1_b1_l1,0.0018257320625707507,0.0012018843553960323,0.8919071555137634,0.10506530851125716
156,5,s2_fi2_fu2_b0_l0,4.102223465451971e-05,0.0011680716415867212,0.9971091151237488,0.0016818096628412607
157,5,s2_fi2_fu2_b0_l1,4.0373095544055104e-05,0.0010940266074612737,0.9973055124282836,0.0015600265469402075
158,5,s2_fi2_fu2_b1_l0,3.410015779081732e-05,0.0012956187129020689,0.9972368478775024,0.0014334233710542321
159,5,s2_fi2_fu2_b1_l1,4.0274291677633294e-05,0.0011132322251796722,0.996921956539154,0.0019245450384914875
160,5,s2_fi3_fu1_b0_l0,0.0016432218253612518,5.118232002132572e-05,0.0011975340312346814,0.9971080422401428
161,5,s2_fi3_fu1_b0_l1,0.0021386663429439072,5.614108158624732e-05,0.0021874322555959225,0.9956177473068236
162,5,s2_fi3_fu1_b1_l0,0.001960944849997759,5.3422958444571116e-05,0.0018816854571923614,0.9961040019989014
163,5,s2_fi3_fu1_b1_l1,0.0017041764222085474,5.159712964086794e-05,0.0013455430744215846,0.9968987703323364
164,5,s2_fi3_fu2_b0_l0,0.0012608980759978294,4.586721115629189e-05,0.0011074105277657509,0.9975857734680176
165,5,s2_fi3_fu2_b0_l1,0.0011825666297227144,4.291982259019278e-05,0.001366674667224288,0.9974078536033629
166,5,s2_fi3_fu2_b1_l0,0.0012996080331504345,4.877068204223178e-05,0.0009989988757297397,0.9976527094841005
167,5,s2_fi3_fu2_b1_l1,0.0014549830229952931,5.3317693527787924e-05,0.0010162006365135312,0.997475564479828
168,8,s0_fi0_fu0_b0_l0,0.9967607855796814,0.0006597512983717023,0.0018245083047077058,0.0007549845613539219
169,8,s0_fi0_fu0_b0_l1,0.9972515702247621,0.0008919628453440963,0.0014922929694876075,0.0003641782386694104
170,8,s0_fi0_fu0_b1_l0,0.9979875087738036,0.0011732751736417413,0.0006001119036227465,0.0002390985318925232
171,8,s0_fi0_fu0_b1_l1,0.9966831803321838,0.0013093901798129082,0.0017130248015746474,0.00029430596623569727
172,8,s0_fi1_fu1_b0_l0,0.00022933102445676923,0.9892816543579102,0.010341527871787548,0.00014741798804607242
173,8,s0_fi1_fu1_b0_l1,0.00019825139315798881,0.9891979098320008,0.010457531549036505,0.00014635940897278488
174,8,s0_fi1_fu1_b1_l0,0.009459600783884524,0.855036735534668,0.1349390596151352,0.0005645497003570199
175,8,s0_fi1_fu1_b1_l1,0.00014108636241871864,0.9942848086357116,0.005448654759675264,0.00012534402776509523
176,8,s0_fi1_fu2_b0_l0,0.0001893097796710208,0.9906328916549684,0.009038672782480715,0.00013906703679822383
177,8,s0_fi1_fu2_b0_l1,0.0005226989160291852,0.8469342589378357,0.15203523635864258,0.0005077615496702492
178,8,s0_fi1_fu2_b1_l0,0.0006390610942617059,0.9909400939941406,0.008279136382043362,0.0001417125458829105
179,8,s0_fi1_fu2_b1_l1,0.00016898247122298926,0.9726232290267944,0.026973210275173187,0.0002345169923501089
180,8,s0_fi2_fu1_b0_l0,0.0002811733284033835,0.9596156477928162,0.03984314575791359,0.00026002348749898374
181,8,s0_fi2_fu1_b0_l1,0.0007056453032419086,0.25797832012176514,0.7403938770294191,0.0009221448563039305
182,8,s0_fi2_fu1_b1_l0,0.0019243520218878984,0.08932071179151535,0.9078681468963624,0.0008868190925568342
183,8,s0_fi2_fu1_b1_l1,0.0004750177904497832,0.6507999300956726,0.347943514585495,0.0007815070566721262
184,8,s0_fi2_fu2_b0_l0,0.0031929512042552233,0.08305295556783676,0.91277813911438,0.0009759073727764187
185,8,s0_fi2_fu2_b0_l1,0.022760631516575813,0.4305063486099243,0.5455716848373413,0.0011613310780376196
186,8,s0_fi2_fu2_b1_l0,0.007419525645673275,0.9233758449554444,0.06879986077547072,0.0004047071561217308
187,8,s0_fi2_fu2_b1_l1,0.0005540235433727503,0.38021767139434814,0.6183059215545654,0.0009224172099493443
188,8,s1_fi0_fu0_b0_l0,0.99602073431015,0.0018714361358433962,0.0018555652350187304,0.0002522763388697058
189,8,s1_fi0_fu0_b0_l1,0.9984149932861328,0.0006354351062327622,0.0006791283376514912,0.0002704784565139562
190,8,s1_fi0_fu0_b1_l0,0.9974634647369384,0.0011834421893581748,0.0011222545290365817,0.0002308909752173349
191,8,s1_fi0_fu0_b1_l1,0.9964955449104308,0.0013621068792417645,0.0018496785778552294,0.0002926844172179699
192,8,s1_fi1_fu1_b0_l0,0.005028317682445049,0.9371702671051024,0.053872589021921165,0.003928802907466888
193,8,s1_fi1_fu1_b0_l1,0.006109321024268866,0.9244778752326964,0.06468874961137773,0.004723973572254181
194,8,s1_fi1_fu1_b1_l0,0.005391369108110665,0.9484078884124756,0.0425848551094532,0.0036159073933959007
195,8,s1_fi1_fu1_b1_l1,0.0031566075049340725,0.947645902633667,0.0462818369269371,0.002915547927841544
196,8,s1_fi1_fu2_b0_l0,0.003309719730168581,0.9493432641029358,0.04445186629891396,0.0028951754793524738
197,8,s1_fi1_fu2_b0_l1,0.0033436184749007225,0.9479338526725768,0.04574768990278244,0.002974826376885176
198,8,s1_fi1_fu2_b1_l0,0.0028622793033719067,0.9579010009765624,0.036776240915060036,0.0024604834616184235
199,8,s1_fi1_fu2_b1_l1,0.002962300321087241,0.9526624083518982,0.041697241365909576,0.0026780539192259307
200,8,s1_fi2_fu1_b0_l0,0.019031697884202003,0.6872037649154663,0.2798711359500885,0.013893399387598038
201,8,s1_fi2_fu1_b0_l1,0.0036131865344941616,0.9138787388801576,0.07882314175367355,0.003685003612190485
202,8,s1_fi2_fu1_b1_l0,0.006536336150020361,0.7852693200111389,0.1984732747077942,0.0097210630774498
203,8,s1_fi2_fu1_b1_l1,0.02436703629791737,0.652614414691925,0.3059766292572021,0.017041901126503944
204,8,s1_fi2_fu2_b0_l0,0.02287108823657036,0.6673477292060852,0.294585645198822,0.01519553642719984
205,8,s1_fi2_fu2_b0_l1,0.02385109663009644,0.6933303475379944,0.2675171792507172,0.015301399864256382
206,8,s1_fi2_fu2_b1_l0,0.005729200318455696,0.8087821006774902,0.1768111288547516,0.008677614852786064
207,8,s1_fi2_fu2_b1_l1,0.009738114662468432,0.8200600743293762,0.16229012608528134,0.007911660708487034
208,8,s2_fi0_fu0_b0_l0,0.5127303600311279,0.1467510610818863,0.15199042856693268,0.1885281354188919
209,8,s2_fi0_fu0_b0_l1,0.5826706290245056,0.12097404897212982,0.12368987500667572,0.17266543209552765
210,8,s2_fi0_fu0_b1_l0,0.7027438282966614,0.08946257084608078,0.1077968403697014,0.09999676793813704
211,8,s2_fi0_fu0_b1_l1,0.8201993107795715,0.0619390495121479,0.05848036333918572,0.05938127636909485
212,8,s2_fi1_fu1_b0_l0,0.0024426504969596863,0.9602122306823729,0.034206919372081764,0.003138262312859297
213,8,s2_fi1_fu1_b0_l1,0.001976253930479288,0.9659056067466736,0.029554072767496112,0.0025640877429395914
214,8,s2_fi1_fu1_b1_l0,0.001637539709918201,0.9790696501731871,0.017704954370856285,0.0015879019629210234
215,8,s2_fi1_fu1_b1_l1,0.0030020945705473427,0.9528152942657472,0.04036422818899155,0.0038183715660125017
216,8,s2_fi1_fu2_b0_l0,0.002830180339515209,0.9226548075675964,0.06971322000026703,0.004801803268492222
217,8,s2_fi1_fu2_b0_l1,0.0017802985385060308,0.9610575437545776,0.03464862331748009,0.002513582119718194
218,8,s2_fi1_fu2_b1_l0,0.002334249671548605,0.9591471552848816,0.03580139949917793,0.002717152936384082
219,8,s2_fi1_fu2_b1_l1,0.0019281622953712942,0.9600268602371216,0.035353101789951324,0.0026918211951851845
220,8,s2_fi2_fu1_b0_l0,0.003757889149710536,0.8569490909576416,0.13219235837459564,0.007100658956915141
221,8,s2_fi2_fu1_b0_l1,0.004156713839620353,0.794394850730896,0.19257891178131106,0.00886952131986618
222,8,s2_fi2_fu1_b1_l0,0.0029135432559996843,0.92693829536438,0.06621947139501573,0.003928749822080135
223,8,s2_fi2_fu1_b1_l1,0.003064811928197741,0.9147055149078368,0.07733163237571716,0.004898045212030411
224,8,s2_fi2_fu2_b0_l0,0.004721863195300102,0.6774150729179382,0.3058178722858429,0.012045219540596008
225,8,s2_fi2_fu2_b0_l1,0.002898876555263996,0.7514511942863464,0.2376448214054108,0.008005138486623764
226,8,s2_fi2_fu2_b1_l0,0.004390064626932144,0.4816190302371979,0.5008584260940552,0.013132495805621149
227,8,s2_fi2_fu2_b1_l1,0.004240013659000397,0.8048105239868164,0.18237948417663571,0.008569929748773575
0,3,s0_fi0_fu0_b0_l0,0.993002474308014,0.0010512464214116335,0.005416438449174166,0.0005297732423059641
1,3,s0_fi0_fu0_b0_l1,0.9950057864189148,0.000676878378726542,0.003685098839923739,0.0006322161643765867
2,3,s0_fi0_fu0_b1_l0,0.9929746389389038,0.0008796474430710078,0.00542894098907709,0.0007168129668571055
3,3,s0_fi0_fu0_b1_l1,0.9952698349952698,0.0005844751722179352,0.003365488722920418,0.000780222297180444
4,3,s0_fi1_fu1_b0_l0,0.0001565421698614955,0.9950549602508544,0.004684882238507271,0.00010350545198889448
5,3,s0_fi1_fu1_b0_l1,0.0001441815256839618,0.9939104318618774,0.005842061713337897,0.00010336904961150141
6,3,s0_fi1_fu1_b1_l0,0.00015269291179720312,0.9949402809143066,0.0048042768612504005,0.00010267089237459004
7,3,s0_fi1_fu1_b1_l1,0.000152071108459495,0.994754433631897,0.004991200752556324,0.00010238451068289578
8,3,s0_fi1_fu2_b0_l0,0.00014783912047278136,0.9950841069221495,0.004665747284889221,0.00010226618178421631
9,3,s0_fi1_fu2_b0_l1,0.0001458027400076389,0.9948157668113708,0.0049368548206985,0.0001015431626001373
10,3,s0_fi1_fu2_b1_l0,0.0001343017356703058,0.9949924349784852,0.004772794432938099,0.00010045975068351254
11,3,s0_fi1_fu2_b1_l1,0.00014753450523130596,0.9949068427085876,0.004843521863222122,0.00010207299783360213
12,3,s0_fi2_fu1_b0_l0,7.254653610289097e-05,0.007728802505880593,0.9861146211624146,0.00608400721102953
13,3,s0_fi2_fu1_b0_l1,9.627423423808068e-05,0.04243968427181244,0.9548623561859132,0.002601656131446361
14,3,s0_fi2_fu1_b1_l0,6.0180744185345254e-05,0.025589076802134517,0.9713093042373656,0.003041398944333196
15,3,s0_fi2_fu1_b1_l1,7.085692050168291e-05,0.036728616803884506,0.9605445861816406,0.0026559196412563324
16,3,s0_fi2_fu2_b0_l0,5.319878255249933e-05,0.02047085575759411,0.9760187864303588,0.0034572405274957423
17,3,s0_fi2_fu2_b0_l1,7.092392479535192e-05,0.03542010486125946,0.9617850184440612,0.002723952755331993
18,3,s0_fi2_fu2_b1_l0,5.256916119833477e-05,0.022225325927138332,0.9737093448638916,0.004012731835246086
19,3,s0_fi2_fu2_b1_l1,7.321812881855294e-05,0.050512608140707016,0.9468626976013184,0.0025513777509331703
20,3,s0_fi3_fu1_b0_l0,0.005114101804792881,0.00016252427303697914,0.004039542283862829,0.990683913230896
21,3,s0_fi3_fu1_b0_l1,0.008660395629703999,0.00020616757683455944,0.006181557197123766,0.9849517941474916
22,3,s0_fi3_fu1_b1_l0,0.004294171929359436,0.00015222768706735224,0.003753546159714461,0.9918000102043152
23,3,s0_fi3_fu1_b1_l1,0.004264004528522492,0.00014695138088427484,0.0033728769049048424,0.9922162294387816
24,3,s0_fi3_fu2_b0_l0,0.002614036900922656,0.0001210128393722698,0.0024534799158573146,0.9948115348815918
25,3,s0_fi3_fu2_b0_l1,0.018550187349319455,0.0003784576256293804,0.018024219200015068,0.9630470871925354
26,3,s0_fi3_fu2_b1_l0,0.0033122599124908447,0.00014267864753492177,0.0037933040875941524,0.9927517175674438
27,3,s0_fi3_fu2_b1_l1,0.0035212580114603047,0.00014026513963472098,0.003437292529270053,0.9929012060165404
28,3,s1_fi0_fu0_b0_l0,0.9921213388442992,0.0011465491261333227,0.0061624650843441495,0.0005697090527974068
29,3,s1_fi0_fu0_b0_l1,0.9958635568618774,0.0005279760807752608,0.0028551225550472736,0.000753356667701155
30,3,s1_fi0_fu0_b1_l0,0.9938520193099976,0.0009963406482711434,0.004682866390794516,0.0004686878528445959
31,3,s1_fi0_fu0_b1_l1,0.9877146482467652,0.0017920105019584296,0.009842092171311378,0.0006513435509987174
32,3,s1_fi1_fu1_b0_l0,0.00034744120785035193,0.9153041839599608,0.08409076929092407,0.00025765819009393454
33,3,s1_fi1_fu1_b0_l1,0.00016340696311090142,0.9929839372634888,0.006744570098817349,0.00010809960076585412
34,3,s1_fi1_fu1_b1_l0,0.0002540868881624192,0.9642635583877563,0.03529782593250275,0.00018446383182890716
35,3,s1_fi1_fu1_b1_l1,0.00016737674013711512,0.9920178651809692,0.007703394629061222,0.00011140490096295251
36,3,s1_fi1_fu2_b0_l0,0.00020008630235679448,0.9818814396858216,0.0177784226834774,0.00013998748909216374
37,3,s1_fi1_fu2_b0_l1,0.00015173869905993342,0.9949959516525269,0.004749442916363478,0.00010288061457686125
38,3,s1_fi1_fu2_b1_l0,0.00014930548786651346,0.9947333335876464,0.005015298258513211,0.00010211077460553496
39,3,s1_fi1_fu2_b1_l1,0.00015650535351596773,0.9942832589149476,0.005456027109175921,0.00010423049388919026
40,3,s1_fi2_fu1_b0_l0,0.0031335062813013788,0.02665789425373077,0.968318521976471,0.001890107523649931
41,3,s1_fi2_fu1_b0_l1,7.292361988220364e-05,0.0287012979388237,0.9684093594551086,0.002816318767145276
42,3,s1_fi2_fu1_b1_l0,0.0003239998186472804,0.2303557246923447,0.7683798670768738,0.0009404312586411834
43,3,s1_fi2_fu1_b1_l1,0.00013170955935493112,0.07149223238229753,0.9263551235198976,0.0020209155045449734
44,3,s1_fi2_fu2_b0_l0,0.00016656170191708952,0.07825706154108047,0.9198490977287292,0.00172726740129292
45,3,s1_fi2_fu2_b0_l1,0.0001392845733789727,0.30276671051979065,0.6948443651199341,0.0022496269084513187
46,3,s1_fi2_fu2_b1_l0,7.316740811802447e-05,0.09453314542770386,0.9026487469673156,0.002744993893429637
47,3,s1_fi2_fu2_b1_l1,6.117196608101949e-05,0.026173967868089683,0.9709842801094056,0.002780651208013296
48,3,s1_fi3_fu1_b0_l0,0.23256368935108185,0.0008397575584240258,0.032260127365589135,0.7343363761901855
49,3,s1_fi3_fu1_b0_l1,0.021352911368012432,0.0002583718451205641,0.00529575627297163,0.973093032836914
50,3,s1_fi3_fu1_b1_l0,0.11892227828502655,0.000575091689825058,0.017284326255321503,0.8632182478904724
51,3,s1_fi3_fu1_b1_l1,0.005541325081139803,0.00016774924006313086,0.004527586977928878,0.9897632598876952
52,3,s1_fi3_fu2_b0_l0,0.008216841146349907,0.00018698250642046327,0.004939795006066561,0.9866564273834229
53,3,s1_fi3_fu2_b0_l1,0.002848519710823893,0.00012378244719002396,0.002515898551791907,0.9945118427276612
54,3,s1_fi3_fu2_b1_l0,0.14269419014453888,0.002684222301468253,0.32558274269104004,0.5290388464927673
55,3,s1_fi3_fu2_b1_l1,0.004807071294635534,0.00015980153693817556,0.004256937187165022,0.9907762408256532
56,3,s2_fi0_fu0_b0_l0,0.9932312965393066,0.0009874895913526416,0.005206150002777576,0.0005750664859078826
57,3,s2_fi0_fu0_b0_l1,0.9916691780090332,0.0007560360827483237,0.006370865739881992,0.0012039154535159466
58,3,s2_fi0_fu0_b1_l0,0.9788007140159608,0.003920222166925669,0.016579244285821915,0.0006998141179792582
59,3,s2_fi0_fu0_b1_l1,0.9926148653030396,0.0005851358291693032,0.005076836794614792,0.0017231754027307036
60,3,s2_fi1_fu1_b0_l0,0.00014484643179457637,0.9936076402664183,0.006143513135612011,0.00010401503095636144
61,3,s2_fi1_fu1_b0_l1,0.00016739033162593842,0.9922270774841307,0.007494852878153323,0.00011068415187764911
62,3,s2_fi1_fu1_b1_l0,0.00014517824456561354,0.9919217824935912,0.00782325491309166,0.00010983383253915235
63,3,s2_fi1_fu1_b1_l1,0.00016578623035456985,0.9904110431671144,0.009307293221354485,0.0001159582898253575
64,3,s2_fi1_fu2_b0_l0,0.00014221880701370537,0.9944091439247132,0.005347836297005415,0.00010081919754156844
65,3,s2_fi1_fu2_b0_l1,0.0001479351194575429,0.993488907814026,0.006258103996515274,0.0001050892606144771
66,3,s2_fi1_fu2_b1_l0,0.00015318732766900212,0.9946393370628356,0.005104886367917061,0.00010252880019834264
67,3,s2_fi1_fu2_b1_l1,0.00015805791190359741,0.9944661259651184,0.005272225942462683,0.00010357213614042848
68,3,s2_fi2_fu1_b0_l0,7.022203499218449e-05,0.0230080746114254,0.9741038084030152,0.002817800967022777
69,3,s2_fi2_fu1_b0_l1,9.060584125109016e-05,0.03539622202515602,0.9619653224945068,0.0025478799361735587
70,3,s2_fi2_fu1_b1_l0,0.00011379356146790087,0.021261313930153847,0.9762731790542604,0.0023516493383795023
71,3,s2_fi2_fu1_b1_l1,0.0001390813267789781,0.09992996603250504,0.8980956673622131,0.0018352679908275606
72,3,s2_fi2_fu2_b0_l0,4.975844785803929e-05,0.018935196101665497,0.9778599739074708,0.003155058017000556
73,3,s2_fi2_fu2_b0_l1,5.7110035413643345e-05,0.023147914558649063,0.9740071296691896,0.002787878038361669
74,3,s2_fi2_fu2_b1_l0,6.337369995890185e-05,0.03543223440647125,0.9619091749191284,0.002595212310552597
75,3,s2_fi2_fu2_b1_l1,5.9544585383264355e-05,0.02469673566520214,0.9725157618522644,0.0027278843335807323
76,3,s2_fi3_fu1_b0_l0,0.01841188594698906,0.0002490170008968562,0.007642753887921572,0.9736964106559752
77,3,s2_fi3_fu1_b0_l1,0.044634845107793815,0.0003432041557971388,0.009515813551843166,0.9455061554908752
78,3,s2_fi3_fu1_b1_l0,0.03943886980414391,0.0003896853886544704,0.01567911542952061,0.9444923400878906
79,3,s2_fi3_fu1_b1_l1,0.006502972450107336,0.00015684100799262524,0.0035881346557289358,0.9897520542144777
80,3,s2_fi3_fu2_b0_l0,0.0031013877596706148,0.00012351713667158037,0.0027154677081853147,0.994059681892395
81,3,s2_fi3_fu2_b0_l1,0.0032813677098602057,0.00012923315807711333,0.0030142783652991056,0.993575155735016
82,3,s2_fi3_fu2_b1_l0,0.0033672722056508064,0.000124490907182917,0.0025535142049193387,0.9939547181129456
83,3,s2_fi3_fu2_b1_l1,0.003343135118484497,0.0001261051365872845,0.0027523189783096318,0.9937785267829896
84,6,s0_fi0_fu0_b0_l0,0.9944953322410583,0.0005314789596013725,0.0038978641387075186,0.0010752714006230237
85,6,s0_fi0_fu0_b0_l1,0.9964463114738464,0.0004405995714478194,0.0023452881723642354,0.0007677567773498595
86,6,s0_fi0_fu0_b1_l0,0.993549644947052,0.0004666711611207575,0.003747534472495317,0.002236182801425457
87,6,s0_fi0_fu0_b1_l1,0.994934380054474,0.0008204060140997171,0.003831800539046526,0.00041348079685121775
88,6,s0_fi1_fu1_b0_l0,0.00013262151333037764,0.9941195249557496,0.005646841134876014,0.00010103648673975842
89,6,s0_fi1_fu1_b0_l1,0.00012503043399192393,0.994340181350708,0.005434450227767229,0.00010024408402387051
90,6,s0_fi1_fu1_b1_l0,0.00013809195661451668,0.9950309991836548,0.004728540778160095,0.00010240174742648378
91,6,s0_fi1_fu1_b1_l1,0.00014168283087201416,0.992928683757782,0.006824447773396969,0.00010519328498048708
92,6,s0_fi1_fu2_b0_l0,0.0001308739883825183,0.9937501549720764,0.00601684907451272,0.00010211994231212884
93,6,s0_fi1_fu2_b0_l1,0.00014889994054101408,0.9948148131370544,0.004934071097522974,0.0001022837677737698
94,6,s0_fi1_fu2_b1_l0,0.00014631134399678558,0.995101809501648,0.004648869391530752,0.00010295949323335661
95,6,s0_fi1_fu2_b1_l1,0.00015038390120025724,0.99469393491745,0.005054401699453592,0.00010128112626262008
96,6,s0_fi2_fu1_b0_l0,6.507996295113117e-05,0.00921717379242182,0.9857333898544312,0.004984322935342789
97,6,s0_fi2_fu1_b0_l1,5.7475066569168114e-05,0.01647656038403511,0.9797523021697998,0.0037136308383196592
98,6,s0_fi2_fu1_b1_l0,5.390424485085532e-05,0.019776714965701103,0.9769917130470276,0.003177698003128171
99,6,s0_fi2_fu1_b1_l1,6.537467561429366e-05,0.02438168413937092,0.9726783037185668,0.0028746402822434907
100,6,s0_fi2_fu2_b0_l0,5.234339550952427e-05,0.022687941789627075,0.9743437767028807,0.002915836637839675
101,6,s0_fi2_fu2_b0_l1,4.8285462980857126e-05,0.024537628516554832,0.9725565910339355,0.002857536310330033
102,6,s0_fi2_fu2_b1_l0,4.808877929463051e-05,0.03709713742136955,0.9598336219787598,0.003021137323230505
103,6,s0_fi2_fu2_b1_l1,5.480665640789084e-05,0.019482910633087158,0.977310299873352,0.003152002114802599
104,6,s0_fi3_fu1_b0_l0,0.013423070311546327,0.0002810823207255453,0.012019678950309752,0.9742762446403505
105,6,s0_fi3_fu1_b0_l1,0.006989436224102974,0.00018665436073206365,0.006022395566105843,0.9868015050888062
106,6,s0_fi3_fu1_b1_l0,0.0025671178009361033,0.00011760189954657108,0.002695610513910651,0.994619607925415
107,6,s0_fi3_fu1_b1_l1,0.0029988570604473352,0.00012249912833794951,0.0027003716677427288,0.9941781759262084
108,6,s0_fi3_fu2_b0_l0,0.002566213021054864,0.00011590219946810977,0.00259164348244667,0.9947262406349182
109,6,s0_fi3_fu2_b0_l1,0.0001833279529819265,0.8447603583335876,0.15454243123531342,0.0005138720734976231
110,6,s0_fi3_fu2_b1_l0,0.002507310127839446,0.00011528313189046455,0.002576070604845881,0.99480140209198
111,6,s0_fi3_fu2_b1_l1,0.002486273879185319,0.00011265670036664231,0.002269857097417116,0.9951311349868774
112,6,s1_fi0_fu0_b0_l0,0.995593011379242,0.0007001608610153197,0.003292321227490902,0.0004144592676311731
113,6,s1_fi0_fu0_b0_l1,0.9937636256217957,0.0010000072652474048,0.00479842396453023,0.00043794055818580086
114,6,s1_fi0_fu0_b1_l0,0.9953836798667908,0.0006981575861573218,0.0034587914124131203,0.00045930390479043126
115,6,s1_fi0_fu0_b1_l1,0.9887031316757202,0.0018603702774271371,0.00890915933996439,0.0005274317227303982
116,6,s1_fi1_fu1_b0_l0,0.0001805614010663703,0.9652910232543944,0.03434175625443458,0.00018664548406377437
117,6,s1_fi1_fu1_b0_l1,0.00015124004858080298,0.9908865690231324,0.008848859928548336,0.00011326901585562156
118,6,s1_fi1_fu1_b1_l0,0.00016017039888538417,0.9847564101219176,0.0149505827575922,0.00013287765614222738
119,6,s1_fi1_fu1_b1_l1,0.00015759292000439018,0.9913532137870787,0.008376953192055225,0.00011227483628317715
120,6,s1_fi1_fu2_b0_l0,0.00016327221237588674,0.985714077949524,0.013993089087307451,0.00012959078594576567
121,6,s1_fi1_fu2_b0_l1,0.0001420156768290326,0.9945079684257508,0.005248403176665306,0.00010162962280446663
122,6,s1_fi1_fu2_b1_l0,0.00015238385822158307,0.9946618676185608,0.00508293230086565,0.00010282822040608151
123,6,s1_fi1_fu2_b1_l1,0.00014259875752031803,0.9923887848854064,0.0073601361364126205,0.00010845071665244176
124,6,s1_fi2_fu1_b0_l0,0.00013055730960331854,0.00627473182976246,0.9871312975883484,0.006463455967605114
125,6,s1_fi2_fu1_b0_l1,6.191137072164565e-05,0.01924286037683487,0.9775967597961426,0.003098504617810249
126,6,s1_fi2_fu1_b1_l0,7.194272620836273e-05,0.014064493589103222,0.9823461174964904,0.0035175017546862364
127,6,s1_fi2_fu1_b1_l1,7.482827641069889e-05,0.010352720506489277,0.9856642484664916,0.003908180631697178
128,6,s1_fi2_fu2_b0_l0,5.46929586562328e-05,0.019461164250969887,0.977283775806427,0.003200442297384143
129,6,s1_fi2_fu2_b0_l1,5.942393181612715e-05,0.04328880831599236,0.953919529914856,0.0027321507222950463
130,6,s1_fi2_fu2_b1_l0,5.438768857857213e-05,0.02000215090811253,0.9766650199890136,0.0032784356735646725
131,6,s1_fi2_fu2_b1_l1,6.308827141765505e-05,0.03124955110251904,0.9659619927406312,0.002725367899984121
132,6,s1_fi3_fu1_b0_l0,0.01034744456410408,0.00019255017105024308,0.0038530502934008845,0.9856069087982178
133,6,s1_fi3_fu1_b0_l1,0.023670556023716927,0.000343064806656912,0.01217957492917776,0.9638068079948424
134,6,s1_fi3_fu1_b1_l0,0.02240777015686035,0.00029914802871644497,0.009007174521684647,0.968285858631134
135,6,s1_fi3_fu1_b1_l1,0.005078189074993134,0.00015724453260190785,0.0034165915567427874,0.9913479685783386
136,6,s1_fi3_fu2_b0_l0,0.004104435909539461,0.00014187146734911948,0.002850374672561884,0.9929032921791076
137,6,s1_fi3_fu2_b0_l1,0.0029202767182141547,0.00012895702093373984,0.002691258676350117,0.994259476661682
138,6,s1_fi3_fu2_b1_l0,0.010537734255194664,0.00022832684044260526,0.00697250384837389,0.9822614192962646
139,6,s1_fi3_fu2_b1_l1,0.0028405659832060337,0.00012777639494743198,0.0027710990980267525,0.994260549545288
140,6,s2_fi0_fu0_b0_l0,0.982926607131958,0.0006230893195606767,0.006955941207706928,0.009494456462562084
141,6,s2_fi0_fu0_b0_l1,0.9488152861595154,0.001859344425611198,0.04335817694664002,0.005967100616544485
142,6,s2_fi0_fu0_b1_l0,0.983817458152771,0.002363432431593537,0.013055002316832542,0.0007641314878128469
143,6,s2_fi0_fu0_b1_l1,0.9892219305038452,0.000993821769952774,0.008617641404271126,0.001166599104180932
144,6,s2_fi1_fu1_b0_l0,0.00012861081631854174,0.9943716526031494,0.005397140048444271,0.0001025112796924077
145,6,s2_fi1_fu1_b0_l1,0.00018427926988806578,0.9818195104599,0.017854072153568268,0.0001421256602043286
146,6,s2_fi1_fu1_b1_l0,0.0001407422823831439,0.992003858089447,0.007745364215224981,0.00010996261698892341
147,6,s2_fi1_fu1_b1_l1,0.00012992709525860846,0.9936912059783936,0.006074890960007906,0.00010403519263491036
148,6,s2_fi1_fu2_b0_l0,0.00014157390978652984,0.9948391318321228,0.00491754338145256,0.00010178094817092642
149,6,s2_fi1_fu2_b0_l1,0.00011812298180302605,0.9933255910873412,0.006450483575463295,0.00010577504872344434
150,6,s2_fi1_fu2_b1_l0,0.0001260879507753998,0.9951927661895752,0.00457928329706192,0.00010189356544287877
151,6,s2_fi1_fu2_b1_l1,0.00012311704631429166,0.9955303072929382,0.00423815893009305,0.00010843624477274716
152,6,s2_fi2_fu1_b0_l0,5.3201900300337e-05,0.01827461645007133,0.9782509803771972,0.003421176690608263
153,6,s2_fi2_fu1_b0_l1,0.00030895115924067795,0.004049754701554775,0.9650012254714966,0.030640019103884693
154,6,s2_fi2_fu1_b1_l0,7.083023228915408e-05,0.00877674762159586,0.986674964427948,0.004477511625736953
155,6,s2_fi2_fu1_b1_l1,5.669372330885381e-05,0.01883663423359394,0.9778633713722228,0.0032433427404612303
156,6,s2_fi2_fu2_b0_l0,5.2939707529731095e-05,0.01261838898062706,0.9823342561721802,0.00499446177855134
157,6,s2_fi2_fu2_b0_l1,5.4586358601227396e-05,0.020126402378082275,0.9765936136245728,0.0032253628596663475
158,6,s2_fi2_fu2_b1_l0,5.140350549481809e-05,0.0247251745313406,0.9720795154571532,0.003143876325339079
159,6,s2_fi2_fu2_b1_l1,5.3471801948035136e-05,0.02417533099651337,0.9727011919021606,0.0030700068455189466
160,6,s2_fi3_fu1_b0_l0,0.004142242483794689,0.00014575931709259748,0.0031860407907515764,0.9925259351730348
161,6,s2_fi3_fu1_b0_l1,0.03061915002763272,0.00043785464367829263,0.019387830048799515,0.9495552182197572
162,6,s2_fi3_fu1_b1_l0,0.008966842666268349,0.0001906962861539796,0.004408626817166804,0.986433744430542
163,6,s2_fi3_fu1_b1_l1,0.006651394069194794,0.00017872131138574332,0.004217057023197413,0.9889527559280396
164,6,s2_fi3_fu2_b0_l0,0.0030446138698607683,0.0001390243851346895,0.0033067904878407717,0.9935094714164734
165,6,s2_fi3_fu2_b0_l1,0.006660381332039833,0.00017821521032601598,0.0045439833775162706,0.988617479801178
166,6,s2_fi3_fu2_b1_l0,0.003146627685055137,0.0001328343496425077,0.0028764535672962666,0.9938441514968872
167,6,s2_fi3_fu2_b1_l1,0.0030534795951098204,0.0001357129804091528,0.002876876853406429,0.9939339756965636
168,9,s0_fi0_fu0_b0_l0,0.9951795339584352,0.0005951678613200784,0.0033941555302590127,0.0008311237907037139
169,9,s0_fi0_fu0_b0_l1,0.9912400841712952,0.0008841619128361343,0.006848504301160574,0.0010272756917402148
170,9,s0_fi0_fu0_b1_l0,0.9908738136291504,0.0008414847543463111,0.007040664553642274,0.0012440868886187673
171,9,s0_fi0_fu0_b1_l1,0.9952633380889891,0.0005978146218694746,0.003348915604874492,0.000789979356341064
172,9,s0_fi1_fu1_b0_l0,0.0010978440986946225,0.5815725922584534,0.4167848825454712,0.0005446183495223521
173,9,s0_fi1_fu1_b0_l1,0.0007592936744913459,0.5927724242210388,0.40593314170837397,0.0005351543077267706
174,9,s0_fi1_fu1_b1_l0,0.0006859106360934675,0.871160626411438,0.1278415024280548,0.00031199419754557317
175,9,s0_fi1_fu1_b1_l1,0.00032974372152239084,0.8992050886154175,0.10017793625593184,0.0002871293690986932
176,9,s0_fi1_fu2_b0_l0,0.0008468707674182951,0.7772914171218872,0.22145894169807434,0.00040275556966662407
177,9,s0_fi1_fu2_b0_l1,0.0014647247735410929,0.5036901831626892,0.494244635105133,0.0006004967726767062
178,9,s0_fi1_fu2_b1_l0,0.0008603233727626503,0.4454044699668884,0.5530971884727478,0.0006380397826433183
179,9,s0_fi1_fu2_b1_l1,0.0004135348717682064,0.8529040217399597,0.14634665846824646,0.0003357519162818789
180,9,s0_fi2_fu1_b0_l0,0.0002942297433037311,0.8628267645835876,0.13652969896793365,0.0003493185213301331
181,9,s0_fi2_fu1_b0_l1,0.022713677957654,0.13508518040180206,0.8406473994255066,0.0015537026338279247
182,9,s0_fi2_fu1_b1_l0,0.01366680022329092,0.058147568255662925,0.9260936379432678,0.0020919209346175194
183,9,s0_fi2_fu1_b1_l1,0.0025639510713517666,0.30342456698417664,0.6932274699211121,0.0007840644684620203
184,9,s0_fi2_fu2_b0_l0,0.0015203877119347453,0.13977979123592374,0.8578476309776306,0.0008522768039256334
185,9,s0_fi2_fu2_b0_l1,0.0006846320466138422,0.09058231860399246,0.9077902436256408,0.0009428975172340869
186,9,s0_fi2_fu2_b1_l0,0.020598527044057846,0.07363303750753403,0.90376877784729,0.001999643398448825
187,9,s0_fi2_fu2_b1_l1,0.0005724713555537164,0.1731945276260376,0.8254022598266602,0.00083070935215801
188,9,s1_fi0_fu0_b0_l0,0.951297163963318,0.006237681489437818,0.04116171598434448,0.0013034441508352757
189,9,s1_fi0_fu0_b0_l1,0.9952887296676636,0.00068477145396173,0.003437594044953585,0.0005888665327802299
190,9,s1_fi0_fu0_b1_l0,0.9953221678733826,0.0006393379298970102,0.003370340680703521,0.0006682310486212372
191,9,s1_fi0_fu0_b1_l1,0.995744526386261,0.0005927390302531421,0.0030208162497729067,0.0006419396377168597
192,9,s1_fi1_fu1_b0_l0,0.034721355885267265,0.7345389127731323,0.21673941612243647,0.014000322669744492
193,9,s1_fi1_fu1_b0_l1,0.0024657028261572127,0.9491289854049684,0.04589727148413658,0.002508074278011918
194,9,s1_fi1_fu1_b1_l0,0.003906458616256714,0.9249837398529052,0.06704945117235184,0.004060304258018732
195,9,s1_fi1_fu1_b1_l1,0.0032767581287771463,0.9327122569084167,0.060567505657672875,0.0034434902481734753
196,9,s1_fi1_fu2_b0_l0,0.03320999816060066,0.6956830620765686,0.2556774318218231,0.015429588966071606
197,9,s1_fi1_fu2_b0_l1,0.0027187832165509467,0.9280179738998412,0.06606684625148773,0.0031963440123945475
198,9,s1_fi1_fu2_b1_l0,0.0031537460163235664,0.9302425384521484,0.06313871592283249,0.003465034067630768
199,9,s1_fi1_fu2_b1_l1,0.0023263157345354557,0.9438136219978333,0.051325131207704544,0.002534874714910984
200,9,s1_fi2_fu1_b0_l0,0.01351911760866642,0.7562160491943359,0.21393664181232447,0.016328169032931328
201,9,s1_fi2_fu1_b0_l1,0.011938468553125858,0.8175399303436279,0.1582753211259842,0.012246357277035713
202,9,s1_fi2_fu1_b1_l0,0.019489934667944908,0.7333697676658629,0.22605185210704806,0.021088460460305214
203,9,s1_fi2_fu1_b1_l1,0.012721693143248558,0.7527287006378174,0.2185296267271042,0.016019992530345917
204,9,s1_fi2_fu2_b0_l0,0.012018423527479172,0.7002149820327759,0.26982107758522034,0.017945535480976105
205,9,s1_fi2_fu2_b0_l1,0.014565768651664257,0.7482811212539673,0.21969294548034668,0.01746014691889286
206,9,s1_fi2_fu2_b1_l0,0.022486722096800804,0.6933836340904236,0.258901983499527,0.02522767148911953
207,9,s1_fi2_fu2_b1_l1,0.020050119608640667,0.7051610350608826,0.25158068537712097,0.023208072409033772
208,9,s2_fi0_fu0_b0_l0,0.25313496589660645,0.058965109288692474,0.15768542885780334,0.5302145481109619
209,9,s2_fi0_fu0_b0_l1,0.4112343490123749,0.1350659877061844,0.1772758960723877,0.27642372250556946
210,9,s2_fi0_fu0_b1_l0,0.32854175567626953,0.20968346297740936,0.2567127645015717,0.20506204664707184
211,9,s2_fi0_fu0_b1_l1,0.196135088801384,0.3886573016643524,0.2546442449092865,0.16056333482265472
212,9,s2_fi1_fu1_b0_l0,0.0013723188312724233,0.9673377871513368,0.029606841504573825,0.0016830567037686706
213,9,s2_fi1_fu1_b0_l1,0.0016841953620314598,0.9588284492492676,0.03722352162003517,0.0022638763766735788
214,9,s2_fi1_fu1_b1_l0,0.003166048787534237,0.9456706047058104,0.04747684299945831,0.0036865188740193844
215,9,s2_fi1_fu1_b1_l1,0.003603872144594789,0.9303461909294128,0.06084860488772392,0.005201302003115416
216,9,s2_fi1_fu2_b0_l0,0.003284052247181535,0.9132077693939208,0.07775656878948213,0.0057515231892466545
217,9,s2_fi1_fu2_b0_l1,0.001892925938591361,0.9563885331153871,0.03934550285339356,0.002372974064201117
218,9,s2_fi1_fu2_b1_l0,0.00359896058216691,0.9437095522880554,0.04865150898694992,0.0040399483405053616
219,9,s2_fi1_fu2_b1_l1,0.0019642848055809736,0.9607436060905457,0.03489762172102928,0.0023945127613842487
220,9,s2_fi2_fu1_b0_l0,0.00566411018371582,0.8183558583259583,0.16285023093223572,0.01312978472560644
221,9,s2_fi2_fu1_b0_l1,0.002936813980340957,0.9122182726860046,0.07944032549858092,0.005404582712799311
222,9,s2_fi2_fu1_b1_l0,0.004662471357733011,0.8435603380203247,0.1423254907131195,0.009451663121581078
223,9,s2_fi2_fu1_b1_l1,0.009511861018836498,0.7942063212394714,0.17689891159534454,0.019382849335670468
224,9,s2_fi2_fu2_b0_l0,0.02955866977572441,0.27105918526649475,0.6000182628631592,0.09936382621526718
225,9,s2_fi2_fu2_b0_l1,0.0042085107415914536,0.8314459919929504,0.15408198535442352,0.01026353519409895
226,9,s2_fi2_fu2_b1_l0,0.010081790387630464,0.4152049720287323,0.5386433005332947,0.03606989234685898
227,9,s2_fi2_fu2_b1_l1,0.005077518988400698,0.8406668305397034,0.14430397748947146,0.009951643645763395
